plot_id,predicted_yield_tons_per_ha
PLOT-017296,3.584338973875723
PLOT-017259,2.6695440553535525
PLOT-016178,2.2320652077838177
PLOT-018610,2.8880825215791686
PLOT-015109,2.4769992897531425
PLOT-016351,2.7869146966522056
PLOT-017917,1.5501718181952349
PLOT-016422,2.3335291765573603
PLOT-018085,3.2761994494242646
PLOT-015051,3.506573434005519
PLOT-018124,1.3050977852726977
PLOT-016442,2.5465662078363462
PLOT-016032,2.5290012059370746
PLOT-016414,3.6594436746340957
PLOT-018385,3.465917431185481
PLOT-015539,6.79239740425597
PLOT-018115,4.255619177837032
PLOT-017927,2.9509380378460346
PLOT-015687,3.2632960903969925
PLOT-015584,1.1034586214514976
PLOT-015219,2.3132702190510783
PLOT-016803,2.4508953473429784
PLOT-015474,1.8789080339573492
PLOT-017984,2.83088410339792
PLOT-017147,2.43905715504131
PLOT-017440,1.7692739571982927
PLOT-018208,1.9077196850427156
PLOT-016703,1.6190024541729502
PLOT-015643,1.714349591465745
PLOT-016058,2.3054945972927743
PLOT-015075,1.1100375235298674
PLOT-016661,0.9166019653639302
PLOT-018508,6.028751457136507
PLOT-017437,2.556683157049468
PLOT-017258,3.3143206384864476
PLOT-017063,3.10805873295417
PLOT-017838,3.3945479594631043
PLOT-017079,0.7822641231628884
PLOT-015569,3.881341681222224
PLOT-016146,3.2145675967580307
PLOT-016884,5.292426150155868
PLOT-016578,0.7793711542730458
PLOT-017559,1.9233159289780515
PLOT-017720,3.01981977984698
PLOT-015369,2.2223714612340078
PLOT-017876,3.486372443473111
PLOT-017847,3.3719266012708005
PLOT-017730,0.5472625243286623
PLOT-015531,1.8609358822410536
PLOT-015062,3.2073981472657893
PLOT-015438,3.2724125086012843
PLOT-018698,2.8464460029954326
PLOT-016680,2.1722302922941448
PLOT-017845,3.610796957599869
PLOT-015412,0.7643605143629751
PLOT-018488,3.9593891976931834
PLOT-015774,2.5871021961363887
PLOT-017199,5.744096038706575
PLOT-018697,4.815807769990782
PLOT-016729,1.9795525470453674
PLOT-017556,0.9614626531272596
PLOT-018475,2.3096169035541743
PLOT-016568,1.0111656020630395
PLOT-017444,2.1101194296939423
PLOT-015186,5.078565157641819
PLOT-015262,3.957432047048952
PLOT-017650,1.5593764366136167
PLOT-016963,6.214952797269024
PLOT-017561,1.0422312141281083
PLOT-015259,5.700455759943791
PLOT-016841,2.999526416711963
PLOT-015400,5.54356947095631
PLOT-017374,3.8216844538806587
PLOT-015098,4.668092718653187
PLOT-015360,2.1909740061948466
PLOT-015196,2.9927172607039925
PLOT-018417,2.382747509817466
PLOT-015807,3.2217073178511804
PLOT-015684,2.7143070002462
PLOT-017498,2.2440977194880487
PLOT-017369,3.1011213000711333
PLOT-017803,1.0422966912933422
PLOT-015637,2.7100475751955244
PLOT-017933,2.354859465762997
PLOT-016271,1.2230760966658933
PLOT-016297,2.7891200203653246
PLOT-016902,2.450088559249926
PLOT-016443,1.1676113424867784
PLOT-016082,2.2142637339970768
PLOT-017071,3.722297657303147
PLOT-017173,2.66968465716119
PLOT-016550,3.2589586365749263
PLOT-018477,3.0954754538175924
PLOT-016395,3.573543503325965
PLOT-015694,2.0926844190611034
PLOT-017865,0.9500128451860828
PLOT-016675,3.1107957736257554
PLOT-015961,2.4607794929677977
PLOT-016334,2.5336506804132424
PLOT-015767,3.0856681931600667
PLOT-018394,2.3052576428944147
PLOT-016209,1.7454006161471813
PLOT-018458,2.8125425732160414
PLOT-016268,2.7975647061849407
PLOT-017460,2.602291971254756
PLOT-017620,2.1302273424753317
PLOT-017019,1.1043560962697079
PLOT-016195,5.291393042332136
PLOT-018158,2.1947402792176223
PLOT-016354,1.693435436555625
PLOT-017348,5.5718148611372
PLOT-017165,2.935185669977981
PLOT-015433,0.9481968547411698
PLOT-018119,1.3358766634120924
PLOT-016625,2.057614448303524
PLOT-017493,4.899631170534685
PLOT-018521,0.9149380179732954
PLOT-018018,5.592152594128535
PLOT-015445,0.8426722153881187
PLOT-017119,4.289913959251295
PLOT-016753,4.557642131467315
PLOT-015479,2.545899279712041
PLOT-018129,3.8310584832225416
PLOT-018629,4.647503478065579
PLOT-015892,2.4351366403761863
PLOT-015511,2.4015979344498994
PLOT-018165,2.063402610578867
PLOT-017848,1.2421008580080506
PLOT-015571,2.052234793620814
PLOT-017061,3.46505513621456
PLOT-015030,3.514120681312307
PLOT-015359,1.707293888746436
PLOT-016740,3.1994045910931166
PLOT-016389,2.152094056334301
PLOT-018489,2.224446004547859
PLOT-017813,3.2577627533892706
PLOT-016371,3.637842152634078
PLOT-017553,2.784294076134078
PLOT-016251,1.57093736313642
PLOT-015848,1.4284778300933845
PLOT-018369,4.271265707393941
PLOT-016905,1.5648631692786459
PLOT-015985,3.4887204451671026
PLOT-018339,3.3770555230907418
PLOT-016667,3.075062508950166
PLOT-017321,3.621686356116954
PLOT-015440,3.90995459608041
PLOT-015095,1.7403450044562747
PLOT-015414,4.803160934395592
PLOT-017447,1.0562271817488849
PLOT-015087,3.442853120702339
PLOT-015616,2.037691779577212
PLOT-018527,1.7159167788420164
PLOT-015638,4.038477389893326
PLOT-018196,1.1507333182848423
PLOT-017701,4.194019454768737
PLOT-015651,0.8925068807244736
PLOT-016284,3.3587787846327983
PLOT-017277,4.636951680225447
PLOT-018362,2.046854793695537
PLOT-017940,3.3854290328247503
PLOT-018036,2.7542047276294186
PLOT-017892,1.2019570262813164
PLOT-015358,1.3303586018558258
PLOT-018341,5.209336308978916
PLOT-015115,4.013831745786345
PLOT-016758,1.0397258308767334
PLOT-017074,1.128234050470611
PLOT-018714,3.215093927258178
PLOT-015883,4.245989704399659
PLOT-017053,4.1980093212835
PLOT-015124,1.544629873500172
PLOT-017727,2.673720598865568
PLOT-015858,2.8021036159304455
PLOT-017534,3.4954534916639792
PLOT-016114,2.2958933797680396
PLOT-018558,0.8797710462282983
PLOT-015070,1.7913189352965095
PLOT-017776,2.2470757733800415
PLOT-015415,1.0331828311457791
PLOT-016054,2.000520823389522
PLOT-015737,2.376587255448013
PLOT-016136,2.049784543536254
PLOT-017466,2.426548086215586
PLOT-016263,1.8096521361352158
PLOT-016684,3.7890813948715216
PLOT-016002,3.8184016125030706
PLOT-015732,2.3209240103288162
PLOT-017092,2.0090425934870284
PLOT-015561,2.262539204514123
PLOT-016611,2.284298441258508
PLOT-018737,2.8164586999475443
PLOT-016298,2.8252162874330233
PLOT-016218,1.749312521927232
PLOT-017167,6.03115033815585
PLOT-018161,4.096281784617093
PLOT-018476,3.1403345887257537
PLOT-017875,2.7300291614010646
PLOT-015868,2.8159101514650993
PLOT-017646,0.69968405984371
PLOT-017200,1.9624344349091287
PLOT-015194,5.422900170277905
PLOT-017095,1.2127923103410276
PLOT-016283,3.0791532607033507
PLOT-016303,2.3690205385218985
PLOT-018517,3.3192575940286675
PLOT-015964,3.1439653580763394
PLOT-017386,2.699372999767586
PLOT-016363,2.3149950764698635
PLOT-015181,2.2506398942181702
PLOT-018094,3.5541893584005946
PLOT-017138,2.397948362662531
PLOT-015200,1.6743769639493709
PLOT-017829,4.597247857584254
PLOT-016961,1.1733340931961342
PLOT-017908,3.8862233312412973
PLOT-016787,0.0018600280304136706
PLOT-018491,3.1898817192019147
PLOT-016010,4.838031016797053
PLOT-016937,4.31581331547865
PLOT-016140,1.9804099947235718
PLOT-018552,2.7969507484947105
PLOT-015267,4.132954659791251
PLOT-015375,3.190484757456223
PLOT-017888,5.207938125115334
PLOT-015735,1.8600383808708965
PLOT-015699,1.2200786248166
PLOT-016226,1.4102367511799012
PLOT-017731,3.1091847302488564
PLOT-015370,1.421656320328816
PLOT-015512,3.790938312777195
PLOT-015729,0.9843445521219154
PLOT-018046,1.411183778049968
PLOT-016197,1.1481929673637172
PLOT-016799,2.0525202486699787
PLOT-016782,2.4882434880059963
PLOT-018480,2.630646443427555
PLOT-015325,2.0231131232617696
PLOT-018661,4.590889214761675
PLOT-018704,3.5870135020455622
PLOT-016825,4.316108205485411
PLOT-016125,3.8231661635023895
PLOT-016365,0.5038438057603629
PLOT-016892,3.656849592372935
PLOT-018449,2.4158202899351378
PLOT-017066,1.2877814114449437
PLOT-015768,2.086125258020278
PLOT-015416,3.50540096514113
PLOT-017780,0.928146511682627
PLOT-018493,2.3003324860751144
PLOT-018003,2.135730148722009
PLOT-017549,3.0009245767241333
PLOT-018739,4.603093878989625
PLOT-017926,2.073714679117038
PLOT-017827,2.505536552254098
PLOT-018066,1.3614376322534294
PLOT-017546,4.945769017730747
PLOT-016759,3.305992239169138
PLOT-016413,3.9244121180987825
PLOT-016748,5.597435041339242
PLOT-015377,1.2192997090987694
PLOT-016015,2.364079372834976
PLOT-015546,3.0061635631559747
PLOT-015691,2.289850562639291
PLOT-015949,3.2952769460705116
PLOT-018025,2.727280966277912
PLOT-017024,3.229889577884028
PLOT-016559,3.3266189504832595
PLOT-017764,1.1471509732425318
PLOT-015890,1.787175659669411
PLOT-015060,2.9003471547884683
PLOT-016724,2.869552685132728
PLOT-015632,4.361328597613707
PLOT-018226,1.8669857173891147
PLOT-016599,0.910749333345982
PLOT-017810,5.7747110414604625
PLOT-016695,0.4596989052875279
PLOT-016436,1.2758808223416793
PLOT-018083,3.1738930384917405
PLOT-016852,3.65686442123456
PLOT-018076,2.7085316397394568
PLOT-017576,1.2976805608981827
PLOT-017359,2.5280361580924477
PLOT-017696,2.906799550890483
PLOT-016238,5.04537568499201
PLOT-018309,2.4517614759817294
PLOT-018047,1.1541660835615795
PLOT-015746,1.1729796823371665
PLOT-015328,1.6965947126847283
PLOT-018648,2.5990208535973123
PLOT-018664,1.9190666412835213
PLOT-016989,3.313605491854317
PLOT-015034,4.356648332604689
PLOT-018344,1.335995764984515
PLOT-016784,5.12424584333077
PLOT-016686,2.8218334926467197
PLOT-016244,5.522377392955094
PLOT-015449,2.3520135231665877
PLOT-017923,2.5361416310458402
PLOT-017916,0.819651178888481
PLOT-016005,0.7438486998288577
PLOT-017699,3.585862253384595
PLOT-015718,5.1407339921378705
PLOT-016621,0.5077754837754828
PLOT-017443,2.0489352545137454
PLOT-016364,0.9866838821116151
PLOT-015125,1.224611887968589
PLOT-017639,1.806873849001278
PLOT-017302,3.1168278338456314
PLOT-017345,8.109560359294328
PLOT-018486,3.9988224812157327
PLOT-016780,1.6385080325258305
PLOT-017402,0.930519404056827
PLOT-016050,3.9205771936002556
PLOT-015701,3.7158193873874463
PLOT-015340,4.462773876149547
PLOT-018720,2.1708892140199567
PLOT-015187,1.6920748047411176
PLOT-015983,3.8897138146487973
PLOT-018244,1.4928080810429214
PLOT-018696,2.7939994123305665
PLOT-015121,2.655391900319442
PLOT-015603,1.7163814742581731
PLOT-015667,1.7340927509845472
PLOT-017607,0.9182830757504666
PLOT-015244,2.6596323819591965
PLOT-015532,3.813904748895341
PLOT-017027,1.5368280171316624
PLOT-017983,3.795548973839739
PLOT-016179,1.2158867408531255
PLOT-017854,3.4674716521579922
PLOT-017752,3.4353413620877022
PLOT-018628,3.5734752221246686
PLOT-016701,6.577705294073551
PLOT-015801,2.9349182234826023
PLOT-015840,4.634179563477111
PLOT-016235,1.7038317578352378
PLOT-017163,1.2033641952081195
PLOT-016926,4.183640069727754
PLOT-017873,2.123120170450773
PLOT-015444,2.1574003529024353
PLOT-018090,2.9375642629902465
PLOT-017284,3.2469578282072193
PLOT-016313,3.8769445762402204
PLOT-015921,2.434850973740239
PLOT-015795,2.2109803681991145
PLOT-015897,2.4005799674638575
PLOT-015009,1.2947611846605085
PLOT-017904,2.198782792610425
PLOT-016267,4.054602872903318
PLOT-017772,1.5108465637445068
PLOT-016747,2.9015726584907022
PLOT-016416,3.186303995128544
PLOT-018353,1.4584895053116038
PLOT-017112,2.67235460710717
PLOT-017036,2.239702644151171
PLOT-018650,2.797063765089733
PLOT-015213,1.3703163540072847
PLOT-016104,3.4687794264743657
PLOT-016726,2.629858955295957
PLOT-018386,1.4574664585260364
PLOT-018174,0.9595088490677249
PLOT-018548,2.929170494757871
PLOT-017159,1.499544387406993
PLOT-016397,4.480655644118507
PLOT-015836,1.1548378528432097
PLOT-015206,5.3166605712229975
PLOT-015658,2.9092344748600905
PLOT-018497,0.5627535892370225
PLOT-015739,0.8017833374793892
PLOT-015500,3.8245982654109634
PLOT-017160,5.087505496487687
PLOT-017050,2.898586333765199
PLOT-017103,3.750650217873433
PLOT-017108,0.9807614240265226
PLOT-018553,3.0999839337786455
PLOT-015666,2.378115984931418
PLOT-017371,2.2325198041473704
PLOT-015564,2.8496064879983476
PLOT-016262,2.403003649145573
PLOT-016644,2.782406036925999
PLOT-016206,5.484979763525359
PLOT-016021,2.775131904004143
PLOT-015134,4.286742232755268
PLOT-017156,2.70158116054812
PLOT-015305,1.3098583954074927
PLOT-015915,4.29495890607755
PLOT-016591,4.084881331378428
PLOT-017312,3.0360478742332577
PLOT-017319,2.3385889131146724
PLOT-015619,3.11085243254624
PLOT-017333,5.714564068820971
PLOT-015903,1.1648869826124226
PLOT-016384,2.8180689244321053
PLOT-016921,1.085620638826733
PLOT-017739,2.515927211911401
PLOT-015296,1.2314518676132582
PLOT-015935,3.1743099984634413
PLOT-017986,3.2621180207566454
PLOT-015318,6.688972444196959
PLOT-015420,1.858863854521831
PLOT-017129,3.741429563704268
PLOT-017790,3.075492574512578
PLOT-017656,1.4435378020530405
PLOT-016632,1.9891045144855664
PLOT-016051,2.6695461479197315
PLOT-018225,1.300294014948913
PLOT-017949,4.039810461282288
PLOT-016906,2.150202880043578
PLOT-015562,1.342988470037346
PLOT-017367,2.5204854769094682
PLOT-018710,1.943864204471701
PLOT-018731,2.093215475679797
PLOT-016252,1.2145693803836526
PLOT-017403,2.4476451734883287
PLOT-017863,5.119295830892491
PLOT-018598,3.7874577586637566
PLOT-017568,1.8079306762710357
PLOT-017221,3.762825182661462
PLOT-016816,3.9632689141993147
PLOT-016587,2.2314131370577717
PLOT-017318,0.8182114594398534
PLOT-016844,1.772069923585155
PLOT-015742,4.192367689143562
PLOT-018591,4.992351730256217
PLOT-015889,1.7091154333325458
PLOT-017253,4.132221883391448
PLOT-015748,3.217575250657665
PLOT-018015,2.2779898314975497
PLOT-017060,2.904392738765505
PLOT-018286,5.4129582803206056
PLOT-015514,3.9684351674088574
PLOT-018038,1.966443469972964
PLOT-016090,1.3857222845760464
PLOT-015662,3.331648124458241
PLOT-016688,5.601710253562978
PLOT-015361,0.9321621707044624
PLOT-017796,2.6096577480028853
PLOT-018605,1.4319113085685513
PLOT-018501,2.620842899200198
PLOT-015652,2.1198000263760077
PLOT-018012,2.2565892871435604
PLOT-017293,3.051045803576115
PLOT-017170,1.624067115902369
PLOT-017332,2.197889632156774
PLOT-016390,5.3802139729277245
PLOT-018096,3.5748552931086754
PLOT-015193,2.448949716313594
PLOT-018245,0.8623468585858238
PLOT-018081,1.9047889679836638
PLOT-018663,4.133142619813833
PLOT-017419,0.6244408673789266
PLOT-018326,3.9810364449430384
PLOT-016915,2.9910538676655505
PLOT-016788,6.153215889263976
PLOT-017072,5.250551132042462
PLOT-016579,2.3042963078769403
PLOT-017705,3.1337598343875106
PLOT-016872,1.5225699636051415
PLOT-015705,1.0520046639065281
PLOT-015131,3.3371237889862995
PLOT-015592,0.5513839691389232
PLOT-015664,0.9847817204079834
PLOT-015565,2.5204201453685453
PLOT-017503,1.0962905183700973
PLOT-016306,2.6782034755156428
PLOT-016077,4.480121763281334
PLOT-015178,2.08511330305733
PLOT-017737,4.55082453576945
PLOT-018393,2.7441453307692685
PLOT-016431,0.8899442987196213
PLOT-016279,4.146919520594225
PLOT-015854,4.541086065428114
PLOT-015720,4.036701885510262
PLOT-016893,2.999697350043656
PLOT-017746,5.078218381038963
PLOT-018507,4.244978569657444
PLOT-016352,3.675428011676468
PLOT-018687,5.1638616244700195
PLOT-017541,4.219756250786016
PLOT-017309,2.4718449854684827
PLOT-015517,2.554186628447703
PLOT-018110,4.457792882527263
PLOT-017497,4.781161703203589
PLOT-018634,0.9108483945338642
PLOT-015079,2.032491095603005
PLOT-017992,3.907541117310633
PLOT-016225,4.029991100781159
PLOT-015427,3.8965278689625493
PLOT-016795,3.011345544395445
PLOT-017765,2.053067093978375
PLOT-018264,0.8595804080930813
PLOT-017756,0.8587703710069822
PLOT-018570,0.9336197578215867
PLOT-016470,1.3176634843431472
PLOT-017178,1.102241593827905
PLOT-018492,5.073783752040033
PLOT-015933,2.04387450500731
PLOT-017090,2.894080564603911
PLOT-018323,2.9489868645575505
PLOT-015527,4.290693951090768
PLOT-018504,1.254643726650303
PLOT-015513,5.484971861039916
PLOT-016995,0.9953182319095724
PLOT-017228,3.2559155889847586
PLOT-017700,1.148749046984552
PLOT-015707,1.7973494937343197
PLOT-016771,2.325670083409612
PLOT-016332,2.3502178341347286
PLOT-015670,2.39675965153732
PLOT-017610,3.17600025220509
PLOT-015991,3.816791099778403
PLOT-016438,2.752250251243672
PLOT-015180,4.650514378880247
PLOT-016277,3.190008891798332
PLOT-016674,3.775752099818356
PLOT-018134,4.747585689894562
PLOT-016933,3.954323374977912
PLOT-017924,3.446663946515553
PLOT-016039,3.1896996092568974
PLOT-016084,3.7724989413004977
PLOT-016730,5.204943792264013
PLOT-015615,3.1586244958436724
PLOT-017841,2.6575612889611233
PLOT-018607,2.589518968244072
PLOT-016347,5.487988652988744
PLOT-016275,3.453431340471826
PLOT-015802,1.7496056760993155
PLOT-017134,2.390545542248813
PLOT-015448,1.3367081587235392
PLOT-016387,5.072334869670097
PLOT-018608,6.32268075334711
PLOT-015430,1.6547664946062508
PLOT-018317,1.0995819030621918
PLOT-017893,2.939407203205152
PLOT-017014,0.4271562177172259
PLOT-015450,2.3401270491359223
PLOT-015580,3.388937408527351
PLOT-016609,1.4846048259080522
PLOT-017059,2.1652500211548937
PLOT-015596,7.421988259308166
PLOT-016714,1.0707957416732108
PLOT-015789,2.9745436794413305
PLOT-015346,0.477157331333711
PLOT-015502,3.8372904305627134
PLOT-018590,3.1088310615443864
PLOT-016406,1.7803870775874457
PLOT-017176,3.5682924396957167
PLOT-016166,1.9902942604210667
PLOT-016608,1.519947980593195
PLOT-017301,2.1298722193189343
PLOT-016830,2.5532816145796264
PLOT-015268,1.8650110345156794
PLOT-017013,2.7745275612037124
PLOT-017006,3.7327811810369282
PLOT-018141,2.698713916267115
PLOT-017421,1.5321108510184733
PLOT-017719,1.2084656758535013
PLOT-017157,2.2927871543138565
PLOT-017075,1.1991403951453705
PLOT-018185,1.217737242094012
PLOT-017305,3.662606662273906
PLOT-018525,3.407908953711429
PLOT-018395,2.502480708784719
PLOT-015992,5.011506048386332
PLOT-015977,2.4297414396985793
PLOT-017236,1.6198953733880965
PLOT-015314,2.832479112735267
PLOT-017721,2.5990769158434657
PLOT-017641,3.191825237104608
PLOT-015283,1.8047211198620157
PLOT-016134,2.203830575538828
PLOT-017003,5.549552995298198
PLOT-017742,2.662848222839424
PLOT-015032,2.6226241790541542
PLOT-015590,3.7409075488034005
PLOT-018723,1.5581351513067472
PLOT-015240,5.1092411515475495
PLOT-017771,1.152844380021901
PLOT-016558,5.436614754643555
PLOT-018071,3.9842800646969763
PLOT-017804,4.3931015633154376
PLOT-016720,0.9564495725997478
PLOT-015339,1.6223822032879012
PLOT-015993,2.3349308513347102
PLOT-016731,1.0227816037548019
PLOT-016785,1.6823361160611072
PLOT-017733,3.034851359280941
PLOT-016170,3.3280600559013505
PLOT-018373,1.7819870370729234
PLOT-016765,2.80049375715922
PLOT-015498,1.917458352004339
PLOT-015280,4.048051630072534
PLOT-015217,3.3257279683221825
PLOT-016949,2.0873643928651933
PLOT-015672,3.374996296555432
PLOT-016236,3.8507876412227287
PLOT-016643,6.35838153949661
PLOT-015668,3.1654771398251262
PLOT-016483,2.8827282849637847
PLOT-017761,2.349170024333975
PLOT-016412,2.3398315718796674
PLOT-018097,3.8552882683809244
PLOT-016617,1.6200443034340453
PLOT-015356,2.3199103619487182
PLOT-015971,1.3086950039944332
PLOT-018406,2.995482392104802
PLOT-016749,1.7245303172456097
PLOT-017081,1.8273251224962341
PLOT-015852,1.561654749986946
PLOT-016208,2.7041618613375413
PLOT-017786,1.918516349310234
PLOT-017839,2.437365148160638
PLOT-015751,2.3288723417087893
PLOT-018336,2.7042532760980693
PLOT-018593,4.882857113451341
PLOT-015362,1.51794416049947
PLOT-016078,1.5221538066697813
PLOT-016597,2.659235567133083
PLOT-015012,2.371195618369858
PLOT-015485,2.4094281789772656
PLOT-016261,3.2005868110058833
PLOT-016745,3.151944587890379
PLOT-017735,4.535243892569064
PLOT-018382,3.700614707075038
PLOT-015786,1.8261716784369415
PLOT-015959,2.106406811383854
PLOT-017655,1.176876939358483
PLOT-015740,1.6621738627288056
PLOT-015524,2.2481110030724194
PLOT-017879,4.881604251686822
PLOT-017634,1.5355502040588331
PLOT-018092,3.935662637434729
PLOT-017915,2.235668267044066
PLOT-018621,2.233970723060079
PLOT-017004,3.3084797638292254
PLOT-015884,2.141913589959339
PLOT-017530,2.3919912569853725
PLOT-015453,3.3160082265502946
PLOT-018324,2.27633372712381
PLOT-016657,1.2634327351871975
PLOT-018639,2.3396986516169593
PLOT-017328,1.8239104205660477
PLOT-016425,3.27146487511063
PLOT-015099,2.7201607007607307
PLOT-018690,2.11803094221654
PLOT-017698,1.5321348920276372
PLOT-015979,1.8619987152275266
PLOT-016157,5.7803179897689345
PLOT-017015,2.6890533019988143
PLOT-016374,2.178405369396683
PLOT-016381,2.156961407868332
PLOT-016040,2.4138194375252766
PLOT-017168,2.0379554813414122
PLOT-016286,7.48304389178111
PLOT-015760,4.229407003775452
PLOT-016086,1.8242501680466103
PLOT-016767,1.7210419764276361
PLOT-015210,3.3773981535987345
PLOT-016596,4.623266198871228
PLOT-017052,1.5657013849188977
PLOT-016240,5.4274695486723195
PLOT-017276,2.6303893080712997
PLOT-017590,3.158996807981135
PLOT-017768,4.570010457624783
PLOT-017526,3.7111898811971846
PLOT-016171,4.397967092696148
PLOT-016459,4.026532621378933
PLOT-016183,3.605232126201018
PLOT-018534,4.2817695997277285
PLOT-018132,3.9798038710737935
PLOT-015773,4.602501416527494
PLOT-017304,3.7462428755080825
PLOT-015631,2.7404484325819443
PLOT-016153,3.555832795918843
PLOT-016398,2.6720079134228656
PLOT-015387,0.9155489019064139
PLOT-016496,3.2166143292276606
PLOT-016971,2.443034269668027
PLOT-016116,3.967385289265002
PLOT-015476,1.4340531472361517
PLOT-016547,5.234061265565738
PLOT-016463,1.885968236654669
PLOT-017930,1.8402246878597577
PLOT-016242,1.132958731786722
PLOT-018215,3.7292056770656843
PLOT-017425,7.565267091220205
PLOT-018564,2.335731395318482
PLOT-015833,4.475262656860317
PLOT-017116,2.907498656969933
PLOT-017323,4.995184417431724
PLOT-015523,5.4797872345628456
PLOT-015203,4.066356303377413
PLOT-018506,5.179269160951572
PLOT-015736,2.892068193226219
PLOT-018510,4.895487329405015
PLOT-018104,2.346786949372172
PLOT-017736,0.6197890051245613
PLOT-018520,4.209179559224556
PLOT-017342,3.612275024830836
PLOT-016690,1.32441607032526
PLOT-015929,4.002649967579159
PLOT-017434,1.3209325821951605
PLOT-015372,1.9504983864078462
PLOT-017272,2.7105159136182917
PLOT-015488,3.537215040102243
PLOT-018235,0.8330071308544965
PLOT-016167,6.173266986549822
PLOT-017166,2.5212628242458814
PLOT-018586,2.45283026352745
PLOT-015676,2.2112110527652824
PLOT-017242,1.8734120972557806
PLOT-017668,3.086310568938146
PLOT-016121,4.259123215886978
PLOT-017644,1.5785980103946182
PLOT-017835,1.3689020483736474
PLOT-017227,1.533992070479121
PLOT-018024,2.7100420411161723
PLOT-015700,5.48167979450851
PLOT-017264,4.720419964414782
PLOT-017394,1.9650919542903988
PLOT-018455,1.5539964550174052
PLOT-016108,2.3157414581562126
PLOT-015224,3.5426391585000028
PLOT-017557,2.484911355558986
PLOT-017020,3.7143887353637948
PLOT-015587,4.496902749758056
PLOT-015172,4.709625879518959
PLOT-017124,2.3893018565424513
PLOT-016324,4.3420762247186335
PLOT-015110,0.9822531006136292
PLOT-015582,3.3789882600588
PLOT-017565,2.341583856392947
PLOT-016420,5.3619269601111945
PLOT-017970,4.004823383392052
PLOT-018061,2.4258011071178913
PLOT-015255,3.670802100113742
PLOT-018672,1.5176241056673814
PLOT-015455,1.7759490254319448
PLOT-016493,1.8237340841664074
PLOT-018113,1.122278275319482
PLOT-018523,0.31443201316082325
PLOT-015800,4.5832707471047
PLOT-018463,3.0454931129972262
PLOT-018135,1.6153928279244896
PLOT-017335,2.4366089607673334
PLOT-017223,1.028509532055998
PLOT-017864,7.700922698538081
PLOT-015118,2.777671894525157
PLOT-016911,1.7123796227584498
PLOT-017651,5.869649667352006
PLOT-017281,3.1909924288751252
PLOT-016514,1.3888180709452955
PLOT-015876,4.079332128566916
PLOT-018403,3.4948389028264697
PLOT-017055,2.423362457975765
PLOT-015600,2.7733482006102466
PLOT-015008,6.007046008644871
PLOT-016164,4.27992933436647
PLOT-018668,2.8524334271779113
PLOT-016809,5.404258937576406
PLOT-016774,3.0613949424179565
PLOT-016781,5.537291633351374
PLOT-018422,1.017864895986721
PLOT-017994,2.8179077755773885
PLOT-015536,2.0761786841008534
PLOT-018511,5.430972143852124
PLOT-017667,2.43121662501019
PLOT-018575,2.1998331266311184
PLOT-018678,1.9794556279101523
PLOT-015275,5.480892122012413
PLOT-018426,2.547222672554857
PLOT-016434,1.7555066662872025
PLOT-016489,1.703435724802639
PLOT-015442,3.1842514634094377
PLOT-018383,1.7570811634276078
PLOT-017143,2.5135290034476307
PLOT-016564,1.1697456949454677
PLOT-018128,3.011388227958848
PLOT-015984,4.388437757227284
PLOT-015785,2.6990297663902054
PLOT-015928,1.6507828202488966
PLOT-016260,2.8751547485582565
PLOT-016294,2.3417451356051475
PLOT-018259,3.935920117774989
PLOT-018616,3.416115477688862
PLOT-018606,2.1636312010627585
PLOT-017216,4.8983443763514405
PLOT-016135,3.2733352038779295
PLOT-017665,1.8479145499314522
PLOT-015871,4.156413178744818
PLOT-017086,3.6001142355174456
PLOT-015847,4.674761718882928
PLOT-018227,4.912432182476455
PLOT-015024,0.9627062331988046
PLOT-018345,3.7984478651629505
PLOT-015057,1.9874361267885077
PLOT-017594,2.297807307986254
PLOT-015190,1.5176347423563026
PLOT-015898,1.3267919197847335
PLOT-017490,2.022677730981955
PLOT-018357,2.652409331631818
PLOT-017513,3.5078473067153433
PLOT-015492,1.1326849514763888
PLOT-015962,3.1102230949068006
PLOT-016257,2.984241823479525
PLOT-018022,2.015509344123633
PLOT-015640,3.6512742791805803
PLOT-015002,2.2251705995641813
PLOT-016344,5.173464799967911
PLOT-017575,3.4830998361904886
PLOT-015141,2.578831200353149
PLOT-016820,4.259368416646392
PLOT-017501,2.492670267872044
PLOT-015612,2.193799868650337
PLOT-017531,2.6045757617449583
PLOT-016582,1.858786094371486
PLOT-017965,2.1849293833717702
PLOT-017991,3.4772450313738226
PLOT-017054,4.73233510461685
PLOT-015227,2.625953621074045
PLOT-018364,2.821552580574888
PLOT-015568,0.7817576728747716
PLOT-016732,3.0837869937543907
PLOT-015572,5.605897944148778
PLOT-017017,3.0047290715139043
PLOT-017741,4.437264352095012
PLOT-017961,2.448790271138193
PLOT-017989,1.8675652591192653
PLOT-015289,4.069507909613891
PLOT-016122,2.437751239469088
PLOT-015920,1.8407183691332591
PLOT-017109,1.381297727994079
PLOT-016583,1.0616791679278677
PLOT-016229,4.965490519743969
PLOT-015939,6.252544873660344
PLOT-017762,4.525765406868284
PLOT-017536,3.347977395252416
PLOT-015426,2.5539627675716376
PLOT-018053,5.559873505316312
PLOT-016144,2.7913905685853573
PLOT-017211,1.8085628603910961
PLOT-015602,0.6633618024048098
PLOT-017111,3.205437412669116
PLOT-017779,5.724653637036715
PLOT-018017,1.526066683792893
PLOT-017521,4.813320116826442
PLOT-016308,2.6304496674521882
PLOT-018248,2.771007691099359
PLOT-015423,1.3637537397792348
PLOT-017728,2.307442042216381
PLOT-016429,4.616423378703702
PLOT-015578,3.082686665542143
PLOT-015278,3.810754141752542
PLOT-016491,1.1215768259694205
PLOT-015151,2.307949964456369
PLOT-018130,1.9350853131803936
PLOT-015378,2.967619110784629
PLOT-015895,2.087814577038768
PLOT-018666,3.160542867759858
PLOT-018355,5.5919840685535975
PLOT-015841,4.1616686361728386
PLOT-018209,5.844348696334058
PLOT-017194,3.272679189726226
PLOT-018301,2.0853389647029346
PLOT-016614,2.0082729947250404
PLOT-017783,3.262489892129802
PLOT-015717,1.0168433776964974
PLOT-018032,2.3293928128626438
PLOT-015386,2.406772942979487
PLOT-015446,2.001599550930878
PLOT-017106,3.846307391569399
PLOT-018727,2.426639100557368
PLOT-016222,2.514716222844929
PLOT-017595,2.2038230416398377
PLOT-018172,3.7020516581532776
PLOT-015142,1.806474027442119
PLOT-017254,1.3527346163381186
PLOT-016903,2.1874994407197463
PLOT-018037,2.3004540538337457
PLOT-017457,3.998798099992426
PLOT-015451,4.460788455086629
PLOT-016228,3.3588661156668334
PLOT-016256,1.98337251693281
PLOT-018188,1.4293233238004717
PLOT-018187,3.5875946647087575
PLOT-017395,1.6355084588497981
PLOT-017502,1.9680751158516936
PLOT-017246,5.682097089279971
PLOT-017679,3.024358283818842
PLOT-017645,2.2268131131601883
PLOT-015734,3.532364475394223
PLOT-017931,2.7840834598089583
PLOT-015456,5.245746611671736
PLOT-016391,2.342530667217495
PLOT-017703,2.044393739067111
PLOT-017955,3.820971733477051
PLOT-018424,2.3931645371641483
PLOT-017704,3.5694514201676975
PLOT-017831,3.871374231000028
PLOT-017693,0.5942129089778452
PLOT-018179,1.0949188624200443
PLOT-017740,3.24640169291289
PLOT-016670,2.961510128083287
PLOT-016876,1.8955664127350302
PLOT-016457,1.0173750630537233
PLOT-016188,0.8071830211771371
PLOT-016523,1.1644836444000712
PLOT-015803,1.0351114786047941
PLOT-017592,1.7479605109680092
PLOT-015036,3.026692336753153
PLOT-018547,1.2284788340999078
PLOT-018490,6.937677899081129
PLOT-017201,3.2595991276016227
PLOT-018559,2.846262114645927
PLOT-015855,1.8261158440630803
PLOT-017407,1.5379557907326828
PLOT-017748,3.3316497649201753
PLOT-016325,3.258567185791878
PLOT-016910,0.7683462513157997
PLOT-016626,2.91066237756125
PLOT-016727,2.864876086727443
PLOT-015100,0.6240798782184682
PLOT-018251,1.5325172746886078
PLOT-016929,3.9184778610711213
PLOT-015341,3.824165113435604
PLOT-018532,2.8100475420964743
PLOT-016312,2.7580086282627505
PLOT-015540,1.3794165775465106
PLOT-018292,2.269502475566224
PLOT-015243,1.416729269909876
PLOT-018342,2.1582545089711345
PLOT-015419,2.487332468404417
PLOT-018330,2.1244998617553437
PLOT-016888,2.4365369101522933
PLOT-016734,2.208926892393025
PLOT-015727,1.7559870159708884
PLOT-015037,2.1923689240803137
PLOT-017202,2.7334934632127275
PLOT-016742,2.219420302954678
PLOT-017898,2.344866723270073
PLOT-015071,3.7817720086826907
PLOT-017951,2.356035079185828
PLOT-016203,1.4558881569356785
PLOT-015226,2.639529176777643
PLOT-016141,0.8380738218621522
PLOT-015669,4.276549419522014
PLOT-017411,3.1604103895424847
PLOT-016541,3.363140164896745
PLOT-017846,1.5533929568106872
PLOT-018428,3.410820786715741
PLOT-016849,1.6836214234143256
PLOT-016102,2.8137055181157353
PLOT-018657,0.6171610826713326
PLOT-017114,5.162554076838231
PLOT-018335,3.599296376959701
PLOT-015468,3.1854091925938577
PLOT-017031,2.189443957313716
PLOT-017787,3.1521089962707918
PLOT-016916,1.9388517077914929
PLOT-017311,2.4123923436724395
PLOT-018389,0.9452578579593321
PLOT-015824,1.5965092855484986
PLOT-016396,2.0351268017657387
PLOT-017975,5.111255485998892
PLOT-017363,4.301374662523438
PLOT-015845,2.723913742745665
PLOT-017777,2.982397644798967
PLOT-017911,2.9709435193582516
PLOT-018123,4.392074641522445
PLOT-015078,3.5491820278572677
PLOT-018160,3.7237170548474974
PLOT-016321,2.1522019188339643
PLOT-016083,2.5692999535859693
PLOT-016320,1.984127350652996
PLOT-017558,5.2366317786096666
PLOT-018363,5.593106730702635
PLOT-016700,0.9580864125468227
PLOT-015943,1.0984641042740257
PLOT-017712,2.2583054987911004
PLOT-018304,3.4747683396593803
PLOT-016733,3.061957638691675
PLOT-015241,2.5340881293675483
PLOT-018312,2.850151076909899
PLOT-018299,2.4244251914247097
PLOT-017856,3.101904672206437
PLOT-018006,3.4537467715493206
PLOT-018302,4.950751824331068
PLOT-015526,3.830596754011989
PLOT-015798,3.039711976097519
PLOT-015713,3.4540118005344635
PLOT-018139,2.43829667559244
PLOT-018685,1.4554420200554194
PLOT-015738,1.8775703065020328
PLOT-016946,1.6834794826197093
PLOT-017225,3.03042996061883
PLOT-018118,3.5663134356922046
PLOT-018434,3.616530519556471
PLOT-016377,3.6752345245186375
PLOT-016914,6.165156007564765
PLOT-016778,4.6751753095066535
PLOT-018633,2.2353524086625343
PLOT-015757,4.335325983286378
PLOT-017711,2.636506826506117
PLOT-015429,5.040985426482869
PLOT-016982,4.150828917237826
PLOT-018432,3.1877256852324294
PLOT-018313,1.6911913625226798
PLOT-016966,5.251059668921563
PLOT-015981,2.5420170302665555
PLOT-015263,1.399075073952863
PLOT-018202,3.33018819527009
PLOT-018701,3.1651097061733204
PLOT-015547,0.6699602036874008
PLOT-015454,2.678948578991862
PLOT-015338,5.732375990187946
PLOT-015026,2.029101261558186
PLOT-017844,1.898526954541352
PLOT-016062,2.020257082926694
PLOT-015320,3.3123078164818294
PLOT-015000,2.893394317746776
PLOT-016506,1.1925519710638428
PLOT-018686,1.9980563640287925
PLOT-016151,2.413323248008225
PLOT-015407,2.1379727855844326
PLOT-016769,3.864691841869518
PLOT-016210,2.3576560125198034
PLOT-015750,3.0737703440536217
PLOT-017000,1.369381626425053
PLOT-016542,3.3706515729667927
PLOT-017794,2.76627707533973
PLOT-016095,5.521407952473668
PLOT-018217,3.7025365051928003
PLOT-015577,3.661356176427529
PLOT-016326,2.1278375983201574
PLOT-017811,2.6493129496224213
PLOT-018143,2.372708791924299
PLOT-017234,4.532549450632061
PLOT-015270,1.7847077705051295
PLOT-015170,1.4084062581400436
PLOT-017905,3.879944911103379
PLOT-017189,0.9778723824874005
PLOT-016783,3.724054422313178
PLOT-015674,4.556495231756156
PLOT-017807,2.4698464396153903
PLOT-016868,3.048905403203306
PLOT-018515,0.7443516312728682
PLOT-016441,5.970603539835234
PLOT-016723,1.8661545898250884
PLOT-016958,3.525634330635546
PLOT-016619,1.0377222127506336
PLOT-017366,2.330810667445075
PLOT-017866,3.723760666193707
PLOT-016987,5.660719658170312
PLOT-015253,1.7545422639000945
PLOT-016276,1.8181691461819542
PLOT-017910,2.2408765372671384
PLOT-017289,2.70026368212729
PLOT-015295,3.327650264725589
PLOT-015053,1.283556976351907
PLOT-016096,1.5362556925348014
PLOT-015191,2.206138600111937
PLOT-015301,2.9031613491992445
PLOT-015365,3.7227344565721827
PLOT-017499,3.1718152951786043
PLOT-016977,3.5585949525332254
PLOT-018703,2.2735788171950424
PLOT-015744,2.700132908785176
PLOT-016191,3.060695924452615
PLOT-017039,2.5554600814659048
PLOT-017670,3.097183589086599
PLOT-016923,3.7796011711264814
PLOT-016355,1.5861318440966288
PLOT-016113,2.0935445927242604
PLOT-017511,2.4202112056611123
PLOT-015374,2.767344862224013
PLOT-016821,1.9365119769274055
PLOT-015291,0.9130382764296278
PLOT-018358,4.040588877860512
PLOT-015389,3.45301369849448
PLOT-018375,3.5966246606658605
PLOT-018133,3.683612043538597
PLOT-016180,3.316504194036043
PLOT-016598,2.384346833299189
PLOT-018514,2.98890644675469
PLOT-017084,1.0137188605373677
PLOT-015214,2.845256008795018
PLOT-016016,3.170155235022953
PLOT-016864,3.5689784740143637
PLOT-015410,1.1761356887370713
PLOT-016545,3.286006088754549
PLOT-017619,0.9087788984825568
PLOT-015832,2.3991541111694805
PLOT-015179,4.474329208504534
PLOT-015690,0.4132390041455348
PLOT-018122,1.1667714303641352
PLOT-015470,1.7827145495079812
PLOT-015704,3.162643352073043
PLOT-017346,0.5975016159050953
PLOT-018653,1.1254838246143597
PLOT-017887,1.7270954010937702
PLOT-017593,2.870023363258124
PLOT-016075,3.2818721896082113
PLOT-018680,4.675151199517742
PLOT-016627,1.442374264468422
PLOT-018399,3.2608919048446983
PLOT-018295,3.555568286156109
PLOT-015063,6.638975533964182
PLOT-015769,3.065689113275184
PLOT-016428,1.9964632094110533
PLOT-015324,2.2407805911562217
PLOT-015819,3.3825396909939345
PLOT-015780,0.6762693030495122
PLOT-016699,2.2341407035126513
PLOT-016123,4.7222132410112225
PLOT-018152,2.660926447099629
PLOT-015752,3.47441356819717
PLOT-016067,3.422148943894133
PLOT-018614,6.084040126658809
PLOT-016041,1.9411204137744142
PLOT-018109,2.725721721666548
PLOT-017417,2.965787761956352
PLOT-015716,0.6976537170110101
PLOT-017717,3.0248683999848147
PLOT-017582,2.8941664135394456
PLOT-015550,2.035079460977553
PLOT-018008,3.1053424130864236
PLOT-015749,0.8856030679706516
PLOT-016487,3.537384475328624
PLOT-017486,2.1153270027092095
PLOT-018337,1.925017795670633
PLOT-017426,2.639968470523818
PLOT-018213,1.209019437537326
PLOT-017928,4.5571203122630894
PLOT-018400,1.356257580453596
PLOT-018531,1.352046192393716
PLOT-017130,3.5700003854735414
PLOT-015842,2.78786327594607
PLOT-016997,5.207292766519158
PLOT-015020,2.8922473892192198
PLOT-017418,4.200301593212051
PLOT-015879,1.0101129407753935
PLOT-017329,2.536493915109326
PLOT-018050,3.1419832592546477
PLOT-015863,5.2455838101540735
PLOT-017190,2.453861536192988
PLOT-016376,3.6584544620467816
PLOT-016936,1.2575504757857001
PLOT-015354,2.318241946891359
PLOT-015951,1.1937773740997488
PLOT-018496,0.8003263279721489
PLOT-016930,4.079387660747285
PLOT-016430,6.2455601854207785
PLOT-018121,3.6743673711243723
PLOT-017543,2.506529875613273
PLOT-017978,3.030663182158431
PLOT-016305,5.500934814391244
PLOT-016073,2.836816156038888
PLOT-016159,1.5374182260552538
PLOT-015058,2.1282566061157766
PLOT-017450,5.233066088754929
PLOT-017033,2.3370922373126914
PLOT-016696,2.1479433360323257
PLOT-016379,0.941469591540408
PLOT-016536,2.423239149549781
PLOT-016593,2.304595919594079
PLOT-018407,2.481121499144947
PLOT-016539,0.6687590788308788
PLOT-017566,2.4610865968176285
PLOT-016423,2.7005995535872915
PLOT-017899,0.9965759150557431
PLOT-016718,2.637930770471533
PLOT-018418,3.2300447467791558
PLOT-017527,3.3988501032303766
PLOT-016068,2.979134977912867
PLOT-015147,2.347747595642841
PLOT-016715,3.545569302814235
PLOT-018198,3.25242158477846
PLOT-016589,3.124816375191748
PLOT-017747,2.725402521410706
PLOT-016531,2.4367533545062408
PLOT-017799,2.7110685551669844
PLOT-015452,0.5157552294231643
PLOT-016561,0.9587505280796377
PLOT-016955,3.172245585786297
PLOT-018544,2.371226491523992
PLOT-015192,1.5787807598772083
PLOT-016038,2.361570780411228
PLOT-016537,4.003087512441392
PLOT-016293,2.6190747890551287
PLOT-018398,1.7744455604357692
PLOT-018378,2.47303169232985
PLOT-017606,3.523812273366682
PLOT-015626,2.9145315456247722
PLOT-016697,2.301858599103757
PLOT-017338,3.243999187425679
PLOT-018067,1.954172538048668
PLOT-017294,2.89922120808671
PLOT-015974,2.3763268973285805
PLOT-016763,2.2006270123249334
PLOT-018460,3.1587328388828055
PLOT-015150,5.913114263340226
PLOT-017948,5.7182172464350645
PLOT-016524,5.3660461438001885
PLOT-018623,3.24865181513714
PLOT-018719,3.788653112038934
PLOT-016939,1.8126858659651188
PLOT-018360,7.233953452018027
PLOT-015484,0.9189290464567563
PLOT-017520,1.3965813483266751
PLOT-018042,4.586230991286404
PLOT-016302,2.19619946968426
PLOT-015649,3.4332300877956556
PLOT-016495,3.2920980934500963
PLOT-018724,2.1597731791665735
PLOT-016527,3.4124811322618163
PLOT-018568,4.421795990235649
PLOT-017347,4.208313058423717
PLOT-018331,3.2614304040940483
PLOT-018482,2.2266466074200455
PLOT-017082,4.444638356894246
PLOT-016216,1.6322854910527806
PLOT-018468,1.6600545303696113
PLOT-015945,3.1189270600746477
PLOT-018396,4.093600169197683
PLOT-015072,3.2218057230664865
PLOT-016610,1.6449190211745468
PLOT-017614,5.368649458334363
PLOT-017098,0.8981637389893169
PLOT-018503,1.8905628692354661
PLOT-015762,1.9144079549651354
PLOT-015089,3.4123188820649553
PLOT-017621,3.6517139227150657
PLOT-016375,2.6901584186562415
PLOT-015017,3.4535642727320393
PLOT-018494,3.0161065731382495
PLOT-015804,5.625414097540847
PLOT-016526,2.2655473925104186
PLOT-018537,2.902912018321317
PLOT-017662,1.1737566980225396
PLOT-016127,2.15763755652605
PLOT-017248,2.003045682751013
PLOT-015838,2.4935643048370735
PLOT-016057,4.047694817719266
PLOT-015864,1.20723494805016
PLOT-018182,2.5836777932354935
PLOT-018404,1.406785352088877
PLOT-015298,2.148143399208499
PLOT-018059,0.15625737940659531
PLOT-016801,2.544652955425596
PLOT-016871,2.3345434773361644
PLOT-016061,3.635715811387058
PLOT-016029,3.7410436840319554
PLOT-017769,1.665372306323814
PLOT-017182,2.872851845838991
PLOT-015398,3.5703689869693727
PLOT-017643,5.199950035527174
PLOT-016337,4.173183099637802
PLOT-016802,1.9420498054970976
PLOT-017918,2.5052045348470773
PLOT-017142,2.541793262428213
PLOT-016845,2.470620696162538
PLOT-015395,2.204717942563761
PLOT-015094,3.2490163858137744
PLOT-016291,1.1646275980945182
PLOT-018411,2.660262958612739
PLOT-016353,2.1989000930122793
PLOT-016469,2.8595836327769475
PLOT-018585,2.0214473501632315
PLOT-018311,5.301278375456159
PLOT-016444,2.235867578813046
PLOT-016543,2.309689309194692
PLOT-018658,2.9336910699791514
PLOT-016942,2.8594478302687514
PLOT-018518,3.0160456498635426
PLOT-015661,3.590406937375365
PLOT-018117,1.3707002370543235
PLOT-016682,2.5675474968366108
PLOT-016635,1.5124692529149562
PLOT-018065,1.6382532101502876
PLOT-015317,2.1864924876990335
PLOT-018334,2.091868281688639
PLOT-017233,2.4710525671852475
PLOT-015947,1.2957262520756863
PLOT-018376,2.9527420336177266
PLOT-015770,3.831342137636016
PLOT-016380,1.9674918000828776
PLOT-016962,2.6778653757676727
PLOT-017470,1.201524858132871
PLOT-015544,4.342316575598466
PLOT-016382,5.807477537408231
PLOT-018216,1.2323656649261032
PLOT-018102,3.194178926832259
PLOT-016831,2.206315104902619
PLOT-015635,3.593861399539707
PLOT-016181,4.27987719964313
PLOT-017041,6.845435926723505
PLOT-017685,1.3181137723959508
PLOT-015108,2.3389660469671023
PLOT-017439,2.3254816216229104
PLOT-017754,3.8032849122977215
PLOT-017410,1.676904638231182
PLOT-017548,1.9547810117629791
PLOT-017161,3.510829124661441
PLOT-016940,2.8265891252364743
PLOT-018256,4.380261926419362
PLOT-015139,2.423794545786514
PLOT-015712,3.2469326077190392
PLOT-017144,5.2562709584171134
PLOT-015287,2.0334604564744856
PLOT-017077,1.1554945256137428
PLOT-015823,3.5470585456374617
PLOT-017035,2.551952444340164
PLOT-017914,2.9778319850417234
PLOT-017449,1.4046877358386327
PLOT-016869,1.3018383724737672
PLOT-016513,4.078505578114059
PLOT-018023,1.6686090709959165
PLOT-018300,3.3190216489660833
PLOT-016224,6.446244129007375
PLOT-018176,2.451507823028634
PLOT-018509,1.9697170135827962
PLOT-017099,3.1313946680906692
PLOT-015525,1.361083663426508
PLOT-015473,2.1344495744215597
PLOT-015506,2.432242155151294
PLOT-017011,2.631662433277936
PLOT-016223,0.7974340786979437
PLOT-015396,2.005163518236727
PLOT-015515,3.1513358998794625
PLOT-016343,2.510312944389935
PLOT-015891,2.665377269371348
PLOT-018412,3.9312969068695485
PLOT-016264,2.7372650084774954
PLOT-017164,2.637403144831249
PLOT-015877,1.804133623136744
PLOT-017118,5.083981388745753
PLOT-015013,1.4042221464327613
PLOT-018693,2.0487677477922497
PLOT-017065,1.4820443604228841
PLOT-017825,3.5664413411327267
PLOT-017812,5.114374848920511
PLOT-015376,1.05549045572465
PLOT-017361,1.9926054704454197
PLOT-016900,2.786577949218346
PLOT-015857,4.4124625263330985
PLOT-015503,3.4837425692128834
PLOT-016081,4.594689908200472
PLOT-015046,3.6788085537268955
PLOT-017297,2.650430658341133
PLOT-015266,1.6509916378940908
PLOT-017626,3.003885180642874
PLOT-018346,1.2234346965800154
PLOT-016549,1.2716606498296568
PLOT-016022,3.9857724069695752
PLOT-015232,1.5653887372770174
PLOT-018063,1.972515532975006
PLOT-018243,2.1336574475982992
PLOT-018354,6.044007393547038
PLOT-018562,5.062448824847009
PLOT-018681,2.9553624382150225
PLOT-016189,1.0113527249011791
PLOT-018028,1.5393949366030242
PLOT-017188,2.0232072243863515
PLOT-016584,1.7226455311148743
PLOT-015173,2.5699740800297124
PLOT-016165,2.2475133891953303
PLOT-015204,2.097195215072098
PLOT-017519,0.9866059692951571
PLOT-017263,5.535062866792876
PLOT-016177,1.747492631779224
PLOT-016162,2.76883208376036
PLOT-015630,3.2789198857228357
PLOT-015681,1.4761304679723408
PLOT-018683,1.4479238001984696
PLOT-018016,1.5882924613651634
PLOT-018408,1.8931509818271595
PLOT-018240,1.7655014209230202
PLOT-016511,1.8202279661450236
PLOT-015621,4.240753032622237
PLOT-016450,3.5820178648796883
PLOT-017455,2.838833560070336
PLOT-016554,2.696475143498725
PLOT-016292,2.2506716041700408
PLOT-016106,1.1261462990552482
PLOT-016600,1.84012169427222
PLOT-016409,5.158584500041268
PLOT-015132,2.911344068991921
PLOT-016851,0.7381371082492729
PLOT-016124,2.8846210094649396
PLOT-016036,2.2822056475150374
PLOT-015644,4.311520545573227
PLOT-015778,1.3028336058890801
PLOT-016447,3.735941350642261
PLOT-018162,1.5693590617376638
PLOT-017716,2.9675930530126378
PLOT-017552,2.5244204600340816
PLOT-017314,1.730594836007437
PLOT-018456,3.6546915921408534
PLOT-018366,0.2937191091871053
PLOT-017516,0.7663377642118022
PLOT-017745,3.7691733117740216
PLOT-016586,2.351365002782377
PLOT-015117,5.703262096048376
PLOT-018642,0.8638247016636788
PLOT-016192,1.73870735959332
PLOT-017603,5.585731990170214
PLOT-015563,1.8111358641903623
PLOT-015722,3.44737748882116
PLOT-016418,2.467919283626394
PLOT-015490,3.1941306020427267
PLOT-016070,3.489915605956302
PLOT-017280,2.9771829043988496
PLOT-018148,1.4733834100397265
PLOT-017185,2.9182433089136577
PLOT-017320,1.7830096013635142
PLOT-017461,1.5879907378060882
PLOT-017222,1.9558284628231306
PLOT-016458,3.8023289273246217
PLOT-017706,2.775347422850023
PLOT-018415,2.3554618534436007
PLOT-017068,3.6146668705161984
PLOT-017350,2.895607362294157
PLOT-015609,3.5372671174481187
PLOT-016538,3.0731478617260612
PLOT-016455,3.1755460662632085
PLOT-017436,1.309432030559476
PLOT-017021,3.6253852965534654
PLOT-015997,1.7198486733474003
PLOT-015576,2.0966231939495095
PLOT-016163,2.6235724795441895
PLOT-015019,3.1845475484503476
PLOT-018325,2.8026888420969613
PLOT-017906,2.697863317749263
PLOT-017751,1.6095762099092281
PLOT-016274,2.7023151467602844
PLOT-015755,1.9173509342092312
PLOT-015754,3.622382210699038
PLOT-017451,1.7010963482234764
PLOT-016327,0.4694447696853124
PLOT-015639,1.2026063817698902
PLOT-017749,6.772958897352484
PLOT-015043,2.199774265340431
PLOT-015007,2.3096892277213836
PLOT-018070,3.0548621887611604
PLOT-017383,3.8875410540505038
PLOT-015471,0.8133222501612786
PLOT-015421,2.303904202593252
PLOT-017310,3.501452672051125
PLOT-015189,3.165378722929887
PLOT-018619,3.5466528947290334
PLOT-018662,2.2427627673282844
PLOT-015905,2.2914102131931657
PLOT-017729,2.4777752231599703
PLOT-018049,5.712268657007751
PLOT-018258,5.80761034679164
PLOT-015464,5.780687237694852
PLOT-017950,2.790505591465759
PLOT-017629,3.299173298988824
PLOT-018281,1.1447109573190608
PLOT-017334,2.028571837177115
PLOT-016435,4.264761928296703
PLOT-018689,0.2084000883781917
PLOT-016965,3.1902015994564126
PLOT-015065,1.9293023962288338
PLOT-017043,0.8217648821177079
PLOT-017373,0.9277364699332554
PLOT-015432,2.439501819522285
PLOT-016432,2.2318424149441785
PLOT-015101,2.147133119803202
PLOT-015048,1.7692141857144983
PLOT-018103,1.193748481779299
PLOT-018214,1.8608134984198073
PLOT-016847,3.2074288172182324
PLOT-018171,3.2792313199442678
PLOT-017285,2.2673654314613207
PLOT-017385,1.07146328129132
PLOT-016777,2.9873140913118688
PLOT-017695,3.968901347061237
PLOT-018153,2.3170142499526865
PLOT-015828,1.5454893774318175
PLOT-017355,3.3517031080499122
PLOT-015129,5.6607072607085325
PLOT-018054,4.292841470481961
PLOT-017085,4.133171106256157
PLOT-015849,3.178134073002386
PLOT-016953,4.129422952975043
PLOT-015315,1.3004020265074663
PLOT-016647,2.895455056307332
PLOT-015237,2.013859745827195
PLOT-018319,2.0882918526398866
PLOT-016873,0.7621752916746218
PLOT-017974,4.330355146878843
PLOT-018443,3.3271493527954283
PLOT-018365,1.055519338061551
PLOT-017505,1.1784755074639268
PLOT-015522,1.9938572827649297
PLOT-018745,2.362972364624444
PLOT-015054,1.8534963401107067
PLOT-017102,3.4181515865068253
PLOT-018242,3.498445401425835
PLOT-017265,6.074042567460536
PLOT-016109,2.687841210147988
PLOT-018447,4.5651731435492
PLOT-016193,2.4971411005814246
PLOT-016481,1.2136991737310197
PLOT-015382,2.44643148758805
PLOT-018343,3.588008497829126
PLOT-017919,3.7519984489797875
PLOT-015157,5.260517295948761
PLOT-018502,3.0074354150172526
PLOT-017858,2.079757029762045
PLOT-015558,1.576120059904342
PLOT-015835,3.176788274094885
PLOT-018622,2.0658313576273053
PLOT-015463,3.714909846544694
PLOT-018368,1.3530152836736227
PLOT-018391,1.086049416813974
PLOT-018371,0.8996778251093072
PLOT-016991,2.323828067877757
PLOT-017973,5.741560274251332
PLOT-018296,3.3711753836106855
PLOT-017471,2.8333748125541036
PLOT-017186,0.6479785345436547
PLOT-017409,1.8761037927825663
PLOT-016874,2.2619790420633334
PLOT-016806,2.872520595750118
PLOT-015595,5.0624341906859325
PLOT-016085,0.6030802978646014
PLOT-018020,3.128324458270572
PLOT-018746,5.307358576278849
PLOT-016815,2.5383074333578572
PLOT-016770,2.5062235327919846
PLOT-017325,2.6008009456664665
PLOT-017782,3.8999589968531168
PLOT-015367,4.129871258345719
PLOT-016232,2.2461969405743325
PLOT-018220,2.692174217553399
PLOT-016601,0.938215175606945
PLOT-016877,2.9142797747750797
PLOT-016671,2.4553534812591216
PLOT-015097,1.3989769772792369
PLOT-015860,0.7443232236408489
PLOT-015364,1.621922400244201
PLOT-017091,2.429113539292332
PLOT-015381,1.6867654201996218
PLOT-018647,4.808330142191739
PLOT-018469,2.97732333802555
PLOT-017336,1.5440358817423117
PLOT-015028,1.6382340475516033
PLOT-016098,1.027065678130316
PLOT-015447,5.328626840025412
PLOT-017820,4.358886639909263
PLOT-015820,2.857970757833561
PLOT-018170,4.476189034892293
PLOT-017406,3.1119535780034173
PLOT-017123,2.619842343292426
PLOT-017638,3.738987233050717
PLOT-017678,2.1659626200784827
PLOT-017195,1.6223776528168279
PLOT-016622,1.8152017081530245
PLOT-018173,2.1109452373235937
PLOT-015721,1.811332373527558
PLOT-017714,1.6988659244464603
PLOT-017539,2.6249745587527564
PLOT-018397,2.421968822350367
PLOT-017423,2.0671596239269787
PLOT-016691,1.2197773185735696
PLOT-016642,1.1782878287508927
PLOT-015779,2.5900668286336295
PLOT-017196,2.697739256155016
PLOT-016023,1.794945139229124
PLOT-018288,0.6018780587082608
PLOT-015004,2.160812833241144
PLOT-015428,1.390254848573636
PLOT-016947,2.237100065382921
PLOT-018660,2.1706926184460413
PLOT-016467,2.525602247034802
PLOT-015516,1.1368448540077194
PLOT-017573,3.586534619306865
PLOT-018058,2.8725895805544197
PLOT-018416,3.0423831684662295
PLOT-015350,3.4263076617443238
PLOT-016805,2.903862394646554
PLOT-018191,2.3176195474638717
PLOT-016683,3.6185961705381473
PLOT-015660,2.168683259974266
PLOT-018430,1.8558627226314333
PLOT-018005,0.5479818967359512
PLOT-017837,6.067847379010871
PLOT-015899,2.460442162570476
PLOT-017525,2.278602382476187
PLOT-017969,2.772115645243973
PLOT-015158,1.9668239235515659
PLOT-015383,3.1534053150152452
PLOT-016721,2.1426430961464717
PLOT-018356,0.8764856636689055
PLOT-015140,5.363379714984084
PLOT-015465,2.938629536903864
PLOT-017766,1.762423679333514
PLOT-018587,0.8571268514197253
PLOT-015299,2.0404382759136137
PLOT-015397,2.3693416539986574
PLOT-016615,6.432624303995134
PLOT-015934,3.4593359623118074
PLOT-015887,2.6321717848578943
PLOT-017283,2.936285340154413
PLOT-018150,6.02050609038276
PLOT-016922,4.57388838298611
PLOT-016033,3.061184364366668
PLOT-016776,4.736288486133051
PLOT-018062,3.649779104061979
PLOT-016634,1.3860807692103905
PLOT-016048,2.7370594690854695
PLOT-018157,1.855714284275155
PLOT-017537,3.11980965421444
PLOT-016528,1.2690000699059458
PLOT-018120,0.9070557729060853
PLOT-015846,1.9532532926337307
PLOT-015251,5.313557301332472
PLOT-017037,2.145486091942158
PLOT-018669,2.0871237177841633
PLOT-015806,4.660622341737169
PLOT-016552,1.6657497165993251
PLOT-017966,2.234212110433655
PLOT-015715,0.9381895573284421
PLOT-015336,2.236094069962573
PLOT-016659,2.030358970524031
PLOT-015987,4.122446990687031
PLOT-018505,2.756377149143822
PLOT-017993,3.1397504683769966
PLOT-015195,2.3046060519397082
PLOT-017732,4.216516679336021
PLOT-017551,1.4487599329907481
PLOT-016857,2.110721313328188
PLOT-016044,1.5960332517067304
PLOT-015279,3.401217541769127
PLOT-015096,3.752404286114988
PLOT-016521,2.4666385529427135
PLOT-015441,5.48526251891378
PLOT-016196,2.9701907887777397
PLOT-016812,3.1471944872635333
PLOT-016796,2.840930346886309
PLOT-016042,2.521132775567496
PLOT-017922,3.0737488598503155
PLOT-018247,2.044179378927047
PLOT-017132,2.923129370781696
PLOT-015330,1.1439351265460758
PLOT-015392,3.650752634324626
PLOT-018601,3.3458996670912193
PLOT-018315,1.6755013385347732
PLOT-016515,4.8004083342958035
PLOT-015861,2.8662135973928495
PLOT-015745,2.5935800455820965
PLOT-018347,1.42239864363473
PLOT-017878,1.5798424661302908
PLOT-016111,2.080714096010459
PLOT-015327,3.631937529911118
PLOT-016119,2.1324749681363238
PLOT-016088,3.3637742632144616
PLOT-016897,4.492297078401259
PLOT-017958,1.1089871739251367
PLOT-018625,1.8713276034762174
PLOT-018595,1.515428016498854
PLOT-015003,2.379580955140666
PLOT-015594,3.3134859519454642
PLOT-018522,4.321996579821418
PLOT-018290,2.370886306511688
PLOT-016490,3.0375075435895145
PLOT-018277,2.2088513459429873
PLOT-016870,1.3404196493711344
PLOT-015549,2.681541668024142
PLOT-015556,4.432140461694096
PLOT-016358,1.439166360197961
PLOT-018163,2.2510212642638927
PLOT-015541,4.306551970341787
PLOT-018433,3.4402987814549566
PLOT-015252,4.1749073227998945
PLOT-015264,2.1418765564238558
PLOT-017622,0.8163370046825233
PLOT-016471,1.7467009626016932
PLOT-016234,2.5634275347821562
PLOT-018679,4.093529009478665
PLOT-016401,0.2750116770116772
PLOT-016853,3.854452936776947
PLOT-017094,4.005221402520257
PLOT-015918,3.4137199431972483
PLOT-018310,1.8680601731137791
PLOT-016064,2.774097973401673
PLOT-016533,2.347285110330087
PLOT-017579,3.1430840505332296
PLOT-015300,4.693239818268191
PLOT-017743,2.2460603798968384
PLOT-017326,1.6853514450226963
PLOT-018033,2.6753098842512344
PLOT-015553,2.9222942773848666
PLOT-016512,1.4174556617352738
PLOT-018260,2.2353494560469724
PLOT-015467,2.034320134401994
PLOT-015344,2.862064276827696
PLOT-017508,2.0705777909565932
PLOT-018654,2.697254752361837
PLOT-018513,2.800253253057203
PLOT-017654,4.474738758769112
PLOT-018031,2.2383586190452487
PLOT-016417,0.4544321154126306
PLOT-017673,1.3511199170612058
PLOT-017028,3.128812304727964
PLOT-016448,4.984669794081853
PLOT-015166,1.5669747697111938
PLOT-016706,1.1478350103007595
PLOT-016338,3.5348638287805065
PLOT-017441,0.8397916391674711
PLOT-017307,6.769344563034321
PLOT-018004,2.4361507494599643
PLOT-018189,2.7070529939248305
PLOT-018221,1.4755091621979435
PLOT-015439,2.6399772521432543
PLOT-017288,4.770388981789189
PLOT-015021,2.6510955614499
PLOT-018060,3.347972003030756
PLOT-017401,2.3580266196513118
PLOT-016079,0.93569345040253
PLOT-016918,0.40660834895812475
PLOT-018279,0.6774880207281765
PLOT-017215,3.5672216914339985
PLOT-017883,2.4822305132884206
PLOT-016227,4.837924596703571
PLOT-018193,2.498491212359396
PLOT-016650,3.2056102684821925
PLOT-017073,3.6254146896776316
PLOT-016213,2.0605855155000334
PLOT-016544,2.022394344210191
PLOT-016807,5.965862512412281
PLOT-015313,4.1062792093115705
PLOT-015487,1.069879508237749
PLOT-015229,4.050738881066186
PLOT-017570,2.756134222832926
PLOT-017149,4.390916287056601
PLOT-017512,1.9178233591405789
PLOT-017415,0.7027256907084202
PLOT-017671,2.570003429646228
PLOT-015286,1.7619621511741348
PLOT-017416,1.6494590344121032
PLOT-016698,1.2498718501140598
PLOT-017791,4.601340141019714
PLOT-016653,3.069151844900281
PLOT-016901,3.8250332062897145
PLOT-015810,3.942243495255011
PLOT-016693,3.177483036164141
PLOT-017795,3.6231528114014186
PLOT-015431,1.880039025585937
PLOT-018618,2.2030116295246978
PLOT-017691,1.4822348223336586
PLOT-018688,2.918003774620148
PLOT-016368,2.3710878853066686
PLOT-015620,1.0464036198396571
PLOT-017145,3.1233743706863746
PLOT-016520,3.997863638697687
PLOT-017880,2.9594502271097904
PLOT-015936,2.1245654145414483
PLOT-016205,2.6553910843355593
PLOT-016202,2.7840466761146763
PLOT-018695,2.1382944729830786
PLOT-018377,0.710982251804675
PLOT-018578,0.7278145321672062
PLOT-015130,2.2943683192453372
PLOT-015521,2.133614064160655
PLOT-015955,6.997713439223148
PLOT-015913,3.406493062076877
PLOT-015859,3.4110259622447
PLOT-016854,2.5197746395986074
PLOT-016315,2.751355444057241
PLOT-017154,3.4756088808580072
PLOT-018613,2.185074697811527
PLOT-015127,2.0570740470454343
PLOT-015284,4.062364701052603
PLOT-018138,3.5936936513175652
PLOT-015978,3.0813580735822392
PLOT-015623,4.359046002859898
PLOT-018735,3.497608382107716
PLOT-015688,2.800819695867288
PLOT-017370,1.1564679066399328
PLOT-016366,2.884117324680875
PLOT-017500,2.1797155573062232
PLOT-015995,1.8595863769226437
PLOT-018380,4.353880515414476
PLOT-017850,0.8916327880140781
PLOT-018112,1.0709261451651515
PLOT-017267,2.4506247982568268
PLOT-015610,3.253847788858641
PLOT-015458,3.13179636792034
PLOT-017785,2.2712416018604618
PLOT-018676,2.968584985584805
PLOT-017158,1.095276922784633
PLOT-015462,2.0996089933546713
PLOT-016573,3.18526140940117
PLOT-015792,0.6359052862447068
PLOT-015504,2.4531472204095572
PLOT-015308,5.5780666863834245
PLOT-017193,2.5543476824182796
PLOT-015363,4.4748604241044125
PLOT-015579,1.6964217268512758
PLOT-015105,1.2350096802927546
PLOT-016705,2.814687144365695
PLOT-017862,1.5486394685995573
PLOT-016132,2.911660131067245
PLOT-015507,2.1941008578870442
PLOT-017268,2.2722935679646867
PLOT-016011,2.509779262543549
PLOT-018604,5.32010131757523
PLOT-015946,3.1718071470423284
PLOT-018284,2.6400101335984814
PLOT-017040,0.5670955740454802
PLOT-018444,2.590018474569777
PLOT-017206,3.1802745141664186
PLOT-016336,1.316658736556221
PLOT-018381,0.8001261971515764
PLOT-017522,1.5220474405672146
PLOT-017613,2.9560034602138634
PLOT-018439,3.8636046501529897
PLOT-015188,1.8975383394187169
PLOT-016793,4.128716605574789
PLOT-017261,2.162758204774778
PLOT-017657,1.4569135027535944
PLOT-017609,3.156591838254755
PLOT-017589,3.8602246167598957
PLOT-018624,2.042815825065485
PLOT-018576,2.9052905716093917
PLOT-017635,2.3862333786281487
PLOT-018175,3.4050676322433393
PLOT-017886,3.182602607554569
PLOT-016959,1.1978007024665966
PLOT-015976,1.8593606096537778
PLOT-016707,6.679529561578268
PLOT-017290,1.3870630045583783
PLOT-017255,1.513335962705207
PLOT-016818,2.8568318742758745
PLOT-015862,4.288510556219577
PLOT-016173,1.1584892744192514
PLOT-016651,3.733613380645646
PLOT-016340,5.365895336101647
PLOT-018546,1.7243261670731063
PLOT-015281,1.2315798382472136
PLOT-016509,1.8636058877881698
PLOT-016832,1.1328566643417837
PLOT-017571,2.047898801205127
PLOT-016115,0.6927355944155026
PLOT-015353,1.574161818052809
PLOT-016034,0.7782818310930537
PLOT-015731,4.2174218103225645
PLOT-016445,1.18713809944749
PLOT-015702,1.4022037421229003
PLOT-018635,3.5602627183590574
PLOT-018691,1.542357855796344
PLOT-018194,3.1030526416547577
PLOT-015160,5.870035771865663
PLOT-018154,1.7444468399383521
PLOT-016881,3.2947741551897898
PLOT-018206,1.412611632384778
PLOT-018742,3.2605369456532145
PLOT-016678,1.8431262953559513
PLOT-016137,4.411446806468111
PLOT-016385,2.811286050899626
PLOT-016198,0.5233621354698053
PLOT-017237,2.1862051739238506
PLOT-015501,1.9243827882348448
PLOT-017076,1.4240340020008377
PLOT-017376,3.8373805112583175
PLOT-015162,2.4704406920602593
PLOT-018700,2.5057528310523716
PLOT-017152,0.8058847515681695
PLOT-017358,1.4862523461278943
PLOT-015185,1.8965331894613087
PLOT-015459,1.2723230299744934
PLOT-017057,3.213528153986791
PLOT-017387,1.5279922382465911
PLOT-016007,2.6923103081022863
PLOT-016008,5.689532964459066
PLOT-017588,1.7725831819166162
PLOT-018237,2.231083201368962
PLOT-018374,4.9557909708709245
PLOT-017388,2.0445143478938177
PLOT-016890,1.1305115994548944
PLOT-017270,2.0599327121191577
PLOT-016287,2.0817645985857816
PLOT-015368,2.128237570906788
PLOT-016168,2.1530299220174944
PLOT-016402,3.0550556325582825
PLOT-016925,4.219174000961446
PLOT-016318,2.492438065212434
PLOT-015493,2.033590296143603
PLOT-015231,2.6075349269905916
PLOT-017623,1.8999788639371753
PLOT-015333,1.877736026108896
PLOT-016475,2.9474722900758414
PLOT-017882,2.3057286831083434
PLOT-015788,1.9186103388656421
PLOT-016138,2.6343427450809958
PLOT-018082,4.782593249282961
PLOT-018131,2.795572879920648
PLOT-017694,2.653691933766924
PLOT-017868,1.1213103659234909
PLOT-015380,2.040012157715894
PLOT-017554,4.367993342578968
PLOT-017713,2.0549585647766815
PLOT-015067,4.136793797982191
PLOT-016979,1.3036686566412121
PLOT-017271,3.061196219526732
PLOT-016882,0.8981344365242837
PLOT-015477,2.61457632191758
PLOT-018069,0.749249773990863
PLOT-017976,4.31186220815188
PLOT-018048,2.831553281368494
PLOT-016172,2.198163315803222
PLOT-018086,0.23200674813151054
PLOT-017599,1.0137965334433254
PLOT-016281,1.005251182490484
PLOT-015425,1.6206300170238237
PLOT-016602,0.9721239509350845
PLOT-017224,1.9629220989629754
PLOT-015207,4.284657576764759
PLOT-016333,1.6925937933553956
PLOT-015199,2.3421391247848513
PLOT-018659,3.729146184409948
PLOT-018556,2.7998715045231157
PLOT-016938,2.892177637767367
PLOT-015881,3.686297845579751
PLOT-015143,2.904966956503311
PLOT-016772,1.2335876111204052
PLOT-016580,1.7657789886321476
PLOT-018580,2.2636062648861723
PLOT-015249,1.6267583935335101
PLOT-018294,2.154188476522343
PLOT-017392,2.0304581146282197
PLOT-016454,3.4464155027629952
PLOT-017424,2.9728793523195827
PLOT-017633,0.8626318472606582
PLOT-015417,1.8246095766116215
PLOT-018569,2.175738255002346
PLOT-017722,2.3449232423440156
PLOT-017669,2.6838680656916587
PLOT-017245,2.726966033171424
PLOT-017515,1.323994624828415
PLOT-017357,2.1137132432707606
PLOT-017972,1.4045216365714508
PLOT-018230,1.2918467493768255
PLOT-017979,1.8209985537196869
PLOT-016128,0.9357604303182705
PLOT-016522,1.069409497534084
PLOT-017495,2.0715416151672446
PLOT-017483,1.8293863009688789
PLOT-016485,3.180904241906698
PLOT-016990,5.169081569536202
PLOT-018043,5.1288606212272345
PLOT-015912,3.1283433861974412
PLOT-015326,2.519164736953849
PLOT-017171,1.0282540765768418
PLOT-015083,1.6992838536332775
PLOT-015765,2.782989126051384
PLOT-017422,3.5110250340238878
PLOT-017676,2.9937531361864176
PLOT-015102,2.0278967530881578
PLOT-015146,1.7311302351623534
PLOT-016133,2.3933055687626172
PLOT-018064,3.1660771474844456
PLOT-015394,2.797764538049087
PLOT-018384,4.944735162530299
PLOT-017217,3.494963536375277
PLOT-017805,2.222883888247067
PLOT-018557,3.2325999501951013
PLOT-016221,2.141434242776655
PLOT-017317,1.8413521878947636
PLOT-017869,3.3407461542626824
PLOT-018682,4.891317086233758
PLOT-016288,2.483622553310431
PLOT-015321,0.9286628053678656
PLOT-015111,2.422852849572887
PLOT-015588,2.7733478242642002
PLOT-016957,3.4972575577664515
PLOT-018219,2.8537380626275897
PLOT-018705,1.4987457425743245
PLOT-018074,1.769799758846436
PLOT-017616,1.0003578618791986
PLOT-016478,2.650437853512929
PLOT-017397,3.1548225608277933
PLOT-015136,3.9443252834415836
PLOT-016158,3.0323614356224384
PLOT-015653,4.724557039826598
PLOT-017391,2.578442499541735
PLOT-017431,3.966334177074384
PLOT-017935,4.818673903677658
PLOT-018019,5.050340290912799
PLOT-018146,3.022838362012182
PLOT-016047,2.426552419266531
PLOT-017661,3.8398876304564933
PLOT-017547,2.8083513473791424
PLOT-016530,3.053975263326554
PLOT-015930,0.7602580500077974
PLOT-016464,2.129585923275336
PLOT-016875,1.6818321063491837
PLOT-015220,2.272797945778964
PLOT-017136,4.182528250651428
PLOT-015927,2.774347270041275
PLOT-017463,3.422548443424963
PLOT-016453,3.893008946831039
PLOT-017540,1.3006706191513215
PLOT-017788,2.8962858108582723
PLOT-016945,1.923871874477695
PLOT-017684,5.866014468714846
PLOT-015533,0.9869770697190251
PLOT-017901,4.313296802027769
PLOT-015606,1.53848909850662
PLOT-015074,5.270375291574626
PLOT-016764,3.247421131597125
PLOT-015648,1.8849986761004387
PLOT-017653,2.141110945908592
PLOT-016322,2.0858314312514605
PLOT-016576,2.7799862516911733
PLOT-017209,1.3179633649711768
PLOT-015113,2.214057639251574
PLOT-017963,1.7368476669896225
PLOT-015986,2.1859194122015326
PLOT-018126,1.815994511011961
PLOT-015747,2.690547006726589
PLOT-016863,1.5691179397160795
PLOT-015222,4.943917526481782
PLOT-015518,2.32567538850042
PLOT-016348,2.622834077690478
PLOT-016502,1.6337996090835214
PLOT-017666,2.519103115871274
PLOT-016665,3.9658547237078015
PLOT-016555,1.9287424269727533
PLOT-018528,2.950042517269655
PLOT-017725,3.1086479995829417
PLOT-015035,1.9914028777376254
PLOT-015830,2.4848373612541823
PLOT-017175,2.5575863199466724
PLOT-017631,2.2769460561985495
PLOT-016761,2.329352774458939
PLOT-015347,0.9696748261267752
PLOT-015167,0.8664306194154425
PLOT-018253,3.651791409802549
PLOT-015116,2.0501933700585746
PLOT-015530,3.633585915524893
PLOT-016394,1.200377689081227
PLOT-016028,2.590107560304285
PLOT-018599,2.5757146233075328
PLOT-017445,2.08107279749824
PLOT-018529,3.177754943783353
PLOT-017872,4.203413948565761
PLOT-018550,1.84668109572643
PLOT-017659,1.0015404914019537
PLOT-017702,2.663597525831971
PLOT-016779,2.765220136978468
PLOT-016025,2.346414930012556
PLOT-015081,4.360015648622049
PLOT-017162,3.670633464715533
PLOT-017030,1.1841939802698291
PLOT-018728,1.4805355883801685
PLOT-018180,3.8057461869865694
PLOT-016476,3.871014703473811
PLOT-018197,0.9144662773941565
PLOT-016477,0.9893864029145124
PLOT-017510,3.223161984485053
PLOT-018582,2.051272691892095
PLOT-016886,2.1175548225593084
PLOT-018231,2.6793545048414127
PLOT-016629,2.534762181235742
PLOT-017464,4.159117238464128
PLOT-015040,3.260263975061591
PLOT-016704,3.8195015467712223
PLOT-018308,3.9660521530319235
PLOT-017859,2.667825913748138
PLOT-015311,2.919778781665469
PLOT-016631,2.1624411935637324
PLOT-017218,2.6270003255448238
PLOT-017067,2.976864939790041
PLOT-016426,3.443164323848486
PLOT-017002,1.900171735590554
PLOT-015357,2.441091260599515
PLOT-018473,2.047704451032217
PLOT-018372,1.5863400365684925
PLOT-016827,1.4307855240402663
PLOT-015128,1.8928463396936062
PLOT-016009,4.654381279304282
PLOT-016813,0.7855757765886358
PLOT-017244,3.0946014948596634
PLOT-015657,1.4339440016448604
PLOT-016246,3.1612019336595703
PLOT-018472,1.7382344105821974
PLOT-015201,1.8738245778627427
PLOT-018543,4.715618115821741
PLOT-016421,2.2152290525743528
PLOT-018190,3.107834046628336
PLOT-017757,2.600149178075302
PLOT-018545,2.180399408441013
PLOT-017964,0.951981068537608
PLOT-015593,3.8494731195260186
PLOT-015970,3.747415380968099
PLOT-015202,1.8044223326465325
PLOT-018137,1.6663568080986098
PLOT-016974,2.099818198055722
PLOT-017480,1.0374440727600278
PLOT-018524,1.2669866420197173
PLOT-017382,2.6854514287957834
PLOT-017252,1.6620017265397469
PLOT-016980,1.4080515874562585
PLOT-018427,1.5729868544960324
PLOT-017941,3.854802401718009
PLOT-016187,2.358652272928873
PLOT-015351,2.6474682326588526
PLOT-016755,4.702083369283271
PLOT-016595,1.5155016917548214
PLOT-015042,2.9774358264357286
PLOT-018026,2.6641683293884464
PLOT-016273,5.078279422491092
PLOT-015574,1.8701101531265696
PLOT-016920,3.5289117868250837
PLOT-018224,2.2001633979547153
PLOT-015856,2.677370216381979
PLOT-017141,3.472446796907996
PLOT-017047,0.8798405226445627
PLOT-016808,0.8439181188602469
PLOT-018125,0.7091661866881817
PLOT-016898,5.06403118495746
PLOT-016846,2.922250216864007
PLOT-015875,3.722386146530897
PLOT-015103,1.284542962053588
PLOT-017506,2.6461489253845927
PLOT-015604,1.7249541257557726
PLOT-018597,1.4852100474217929
PLOT-016233,2.4707442116583764
PLOT-017959,6.041473401498698
PLOT-016433,2.1303693526553005
PLOT-015384,2.3285213382475125
PLOT-015893,4.54663822257357
PLOT-015056,3.876443763764459
PLOT-015711,2.0363218199663846
PLOT-018461,1.8546113345538147
PLOT-015355,3.032023789811515
PLOT-016842,2.519449261942642
PLOT-016018,1.5735595100122892
PLOT-018645,1.4012323630894163
PLOT-015307,5.669917103499443
PLOT-015813,1.086642481792264
PLOT-015041,2.029569415824693
PLOT-018421,3.489351395275607
PLOT-016405,4.801433837561447
PLOT-016681,4.529180382219813
PLOT-015882,2.639648736163146
PLOT-017220,0.7823001026537414
PLOT-015698,2.3613951703695006
PLOT-017364,2.1406889553688146
PLOT-018233,2.3974557699217462
PLOT-017051,4.291152190031952
PLOT-017378,2.9273631032880596
PLOT-015215,2.6629577921991117
PLOT-017146,2.583718244169624
PLOT-016370,2.2487582073700265
PLOT-016566,0.7527642052713284
PLOT-018702,2.869226519180933
PLOT-017360,0.9466312313903299
PLOT-016516,1.0420814386250585
PLOT-016766,2.9521365414058436
PLOT-017452,1.4503588055315093
PLOT-016037,2.083949949479482
PLOT-016510,2.3834470702341535
PLOT-015411,3.6540803788013787
PLOT-017981,0.9976318018635754
PLOT-016301,1.4920858131526156
PLOT-016296,2.056851060433644
PLOT-018498,2.2472107035782343
PLOT-017601,2.96483892408899
PLOT-018566,4.274225135742205
PLOT-015758,3.095907868410197
PLOT-017212,3.0965754958702094
PLOT-016317,2.125119689435235
PLOT-015073,5.1113562651493565
PLOT-015025,2.157823213360788
PLOT-017208,3.180757421131754
PLOT-016126,4.096205239361621
PLOT-016139,0.8862855563518013
PLOT-015505,1.7770553472617197
PLOT-016560,2.1193902774893085
PLOT-017230,3.150475932974654
PLOT-016120,2.537370099161446
PLOT-018414,0.9662726182774656
PLOT-015586,1.7716925726226822
PLOT-017909,3.464857611404899
PLOT-015611,1.7628885536078684
PLOT-016089,2.4170535917038865
PLOT-016535,3.057283834395585
PLOT-016408,3.5313262038428417
PLOT-015348,1.0258848230190036
PLOT-015885,2.5419398478429156
PLOT-018644,2.6724079871550686
PLOT-018087,2.544489878449068
PLOT-015782,5.586727678299635
PLOT-018246,2.1128632771274587
PLOT-017458,4.108597852835138
PLOT-015629,2.697650519375739
PLOT-015408,3.14331051223605
PLOT-015164,2.9049974537836234
PLOT-017957,2.4810960324246465
PLOT-016969,2.001286205650685
PLOT-016649,3.607431349593226
PLOT-017380,2.9084247168759276
PLOT-016087,2.5390072820878316
PLOT-018572,1.5744761275084873
PLOT-018101,2.3591211168879185
PLOT-017389,3.561386984498298
PLOT-018709,4.187405527020574
PLOT-016754,0.9437693908319305
PLOT-015294,1.7738273622846223
PLOT-015965,4.610191325004467
PLOT-016822,3.337589812791552
PLOT-018234,2.266970740011753
PLOT-015528,4.741261086305344
PLOT-016968,2.432594170433274
PLOT-015027,2.29187221947979
PLOT-017478,6.1318525995628965
PLOT-016673,4.331900820700635
PLOT-015274,4.90152247236238
PLOT-016072,3.5124782610543557
PLOT-016074,3.767733719693184
PLOT-017356,0.9213959953278439
PLOT-017494,3.0257888903409897
PLOT-017405,3.80195542656534
PLOT-017774,3.3376227146299557
PLOT-015585,2.1903622770768676
PLOT-015837,3.1394952597617336
PLOT-015710,5.8978520557208505
PLOT-017819,1.6323630418707877
PLOT-016250,2.3664520658476893
PLOT-016437,2.3926842545685747
PLOT-016553,4.413589144370279
PLOT-015816,3.6370169169323647
PLOT-018694,1.1543085988247554
PLOT-017427,7.361400003220425
PLOT-015957,1.8761954806064287
PLOT-015302,4.019739007318386
PLOT-018289,2.4702290173886965
PLOT-018636,2.7908199923562886
PLOT-016063,3.2221000040982326
PLOT-015872,2.503784394963074
PLOT-018271,2.922440221566445
PLOT-017861,2.267539219816962
PLOT-017936,3.6440594938877813
PLOT-015923,2.061463670331907
PLOT-015059,3.7983876219200083
PLOT-018014,4.216495731805928
PLOT-018420,3.6861303015169735
PLOT-016975,2.851384846722352
PLOT-015023,1.973130729152907
PLOT-017474,1.4199724343681384
PLOT-015683,3.268478215502323
PLOT-018512,4.187967437878458
PLOT-018483,1.8370220290616608
PLOT-017056,1.4700591422730398
PLOT-015228,3.6094261302533144
PLOT-015489,2.031083663182084
PLOT-018201,0.8978317079994377
PLOT-015829,2.0407344183966174
PLOT-017784,2.0502207405221844
PLOT-015385,5.899143195082164
PLOT-015015,1.9950728338163226
PLOT-017399,3.0695746657707015
PLOT-018541,3.8244640617420504
PLOT-016388,2.2225185733161297
PLOT-018041,1.21264024465651
PLOT-016588,0.9918119417549478
PLOT-018445,2.3405297230031397
PLOT-016751,1.6270574521987886
PLOT-016150,3.7436943000696394
PLOT-016304,4.077254613293836
PLOT-016231,6.7139890563845865
PLOT-016792,3.0385243092713683
PLOT-016269,3.1856990775566056
PLOT-018474,1.5096871598753117
PLOT-015497,3.733455638472105
PLOT-015352,2.9068414141770598
PLOT-016838,1.2219965092204759
PLOT-015001,2.939627396257285
PLOT-015285,1.7400193255510823
PLOT-016646,3.0904666962981104
PLOT-015783,0.7646114687970195
PLOT-017462,1.0608472350801001
PLOT-018321,3.9077038244910343
PLOT-015068,3.031676783304524
PLOT-015403,3.082766980940227
PLOT-015797,1.4268129452258955
PLOT-018725,2.9497400237683795
PLOT-018021,2.2781041392289594
PLOT-017023,3.977610480888597
PLOT-015177,1.4661895022967992
PLOT-015953,1.5373585328430182
PLOT-017139,3.217248370468953
PLOT-016200,2.729464794643141
PLOT-017843,2.2272117987253415
PLOT-017300,1.5799850933332757
PLOT-016756,2.0047356978458835
PLOT-016577,3.7909196683536543
PLOT-017241,3.0540476027010754
PLOT-017852,3.0748209150600885
PLOT-016507,1.9883758233952211
PLOT-016497,3.28904547255775
PLOT-017688,5.530342811043554
PLOT-015538,1.0885152225905086
PLOT-016330,1.8225627516905396
PLOT-018207,2.729045328685691
PLOT-018459,5.301616308427685
PLOT-016488,3.920478824370797
PLOT-017018,2.5600573427887316
PLOT-016744,2.655699401928268
PLOT-017920,1.0701724719386843
PLOT-017408,2.7225068567004285
PLOT-018431,1.3335189550570272
PLOT-018563,4.058183472734313
PLOT-018596,6.647405048648778
PLOT-015948,2.382149808342744
PLOT-015510,2.584546828610609
PLOT-016393,0.9541990896764734
PLOT-016508,5.748237349433501
PLOT-017398,3.8886539361125605
PLOT-017808,2.823689401929162
PLOT-016331,1.757031135801946
PLOT-016309,5.031749414426559
PLOT-018002,1.2853686632574788
PLOT-017396,1.6100287535079378
PLOT-017420,1.7521966143042942
PLOT-017544,3.67053761719554
PLOT-017354,1.2056300711708448
PLOT-017608,2.6514475457703925
PLOT-015663,4.5029754770361095
PLOT-015573,2.2257032689393093
PLOT-017896,2.0987408545175064
PLOT-017372,2.9755783752034377
PLOT-018265,2.183103858197711
PLOT-018151,2.947787583055539
PLOT-017485,5.807182187933393
PLOT-017187,2.3564949812948126
PLOT-017584,4.228381007287539
PLOT-017045,3.4641738924122056
PLOT-015282,4.289306791570332
PLOT-015258,2.8814400346521523
PLOT-016811,2.1796678814179002
PLOT-016797,2.2761509021094093
PLOT-017604,4.172508675910997
PLOT-015725,3.6743613346602
PLOT-016636,1.9081959012810221
PLOT-015677,1.71616026494691
PLOT-017489,2.488510666478123
PLOT-016152,4.16145119663295
PLOT-016346,4.5621907870144955
PLOT-015055,3.0201748563318547
PLOT-017773,2.255905507380476
PLOT-016411,2.7318707954528354
PLOT-017755,1.386175193559345
PLOT-017214,2.9416918748052456
PLOT-018583,2.5362449920155035
PLOT-016361,2.782307645159343
PLOT-015888,2.1955196919675686
PLOT-018001,4.056933379494701
PLOT-016819,3.2186410644894083
PLOT-016972,0.8947949884032221
PLOT-015714,3.325328820669119
PLOT-018405,1.9052813422322692
PLOT-016056,4.133504344033064
PLOT-017286,2.5523521871531187
PLOT-017207,1.093871424795931
PLOT-015617,0.7948420346514937
PLOT-015123,3.4884646797687027
PLOT-018205,3.458837596130605
PLOT-015334,3.043679164001755
PLOT-017816,4.021503942076842
PLOT-015304,5.1326966181456655
PLOT-015980,2.571527769953926
PLOT-018329,2.0262769086415484
PLOT-015581,3.7144447917200414
PLOT-016616,3.6999344274153128
PLOT-016194,1.6001537882518033
PLOT-016824,1.19095893131294
PLOT-016879,2.432566560208677
PLOT-016981,3.5241507050477474
PLOT-016861,1.8163196158935522
PLOT-016350,0.7906886493322323
PLOT-015409,2.6386752672343015
PLOT-015675,1.2009613356119284
PLOT-015297,2.456058551880868
PLOT-015925,0.17612981928091184
PLOT-015022,2.7015551664361683
PLOT-018000,5.928362817055594
PLOT-017479,3.466367180955018
PLOT-015728,5.4469427718188355
PLOT-016307,2.685567058648034
PLOT-015671,2.0172069335909963
PLOT-016672,3.2353117804203406
PLOT-016199,1.9177266195383411
PLOT-018717,4.6051794613740356
PLOT-018652,3.2699118938287097
PLOT-015293,4.126997690021994
PLOT-018730,0.8315510037242109
PLOT-015126,3.264535233097467
PLOT-017247,3.5620835124197834
PLOT-017578,0.8359444395186931
PLOT-017467,2.60292008450326
PLOT-015692,2.762980629290301
PLOT-015686,2.78324507316785
PLOT-015817,3.610331215851223
PLOT-015216,3.4061953354936785
PLOT-015152,5.1075295271898895
PLOT-017999,3.6830427038672
PLOT-016992,2.866843986820707
PLOT-017605,3.6068838637953378
PLOT-017008,2.3309919379035824
PLOT-015478,3.5779918403019213
PLOT-016282,2.189177814539715
PLOT-016604,4.615294666903803
PLOT-017518,1.6038813805099685
PLOT-016666,2.8789497775437445
PLOT-017962,4.474018299489475
PLOT-015812,2.5635552769498657
PLOT-015250,2.0834795306435243
PLOT-015843,2.938703273636617
PLOT-017125,2.1032302133443257
PLOT-017857,2.2726372051720283
PLOT-018640,3.1668555161776175
PLOT-015967,1.6607228778771186
PLOT-017885,2.7229122316195555
PLOT-015972,2.5454324125491588
PLOT-016896,1.8332784523206427
PLOT-017235,0.6359785713658941
PLOT-015246,2.7904723711188755
PLOT-017203,1.9497491867755845
PLOT-018641,2.10495868027124
PLOT-018307,1.8120953875337553
PLOT-018379,2.7651899827260795
PLOT-017331,4.089023245545335
PLOT-018744,0.261853244852258
PLOT-017585,4.121090389683216
PLOT-018272,2.2974963760991125
PLOT-016505,1.7957359479316084
PLOT-016345,4.353630398488648
PLOT-018091,0.9462153463522643
PLOT-015975,2.8345117064874823
PLOT-017686,1.7598895959602046
PLOT-016645,3.0954207820594473
PLOT-016679,1.79713836042558
PLOT-017697,2.637032971234062
PLOT-015122,1.5743640210030256
PLOT-016534,4.6186452652570935
PLOT-018044,0.44487235175655665
PLOT-018169,2.7245787392623915
PLOT-017967,4.5500494578641435
PLOT-017100,4.110685266783262
PLOT-015869,3.7213568025897903
PLOT-018646,2.0854237107293967
PLOT-016030,5.367021428089616
PLOT-015756,4.2764587974544455
PLOT-016998,2.8492278476618615
PLOT-016156,1.3733949319621626
PLOT-017115,3.250471073811576
PLOT-017817,3.0533063987321705
PLOT-015332,3.1234733828386343
PLOT-016592,2.4760701320702947
PLOT-017384,2.871402280474674
PLOT-016575,2.940138858340954
PLOT-017683,2.5878378624210696
PLOT-015472,2.0974756885279056
PLOT-015901,2.5469209417816203
PLOT-015865,2.50428092574592
PLOT-016329,4.950997341795585
PLOT-016342,3.9728093547701575
PLOT-015741,2.4962076394147252
PLOT-018478,1.9080542022526719
PLOT-018291,3.3751793148010703
PLOT-017180,2.6879014409425843
PLOT-018484,4.556682683290738
PLOT-017562,1.6981699311479828
PLOT-016628,3.739456608101618
PLOT-017806,3.309652439510884
PLOT-017438,5.00060486350059
PLOT-016149,2.6248461178221323
PLOT-018045,1.7484232221821747
PLOT-018164,3.163236755858913
PLOT-015256,4.688686657718774
PLOT-015633,3.2002303069058002
PLOT-017337,1.7608408761197065
PLOT-018009,1.7415495707035833
PLOT-015777,4.226040211069499
PLOT-017953,0.9687157752579858
PLOT-017101,1.7555449035395174
PLOT-015557,0.9937047787540674
PLOT-018481,3.7226229039749636
PLOT-016985,2.2486613027704916
PLOT-017088,3.618727322248133
PLOT-015261,3.0747907267994714
PLOT-017131,2.315255011788561
PLOT-018011,4.084967882571121
PLOT-018040,3.3636271855985016
PLOT-016889,2.9304661282108015
PLOT-017532,4.894895618942673
PLOT-017078,1.9253342229867976
PLOT-018034,4.608860169010576
PLOT-018436,1.2657531746998234
PLOT-015208,3.1911248634285254
PLOT-018349,1.4545261747504696
PLOT-016913,2.8646487002437504
PLOT-016606,3.256399064469705
PLOT-016020,1.0740855861370202
PLOT-018348,3.311712789419683
PLOT-016403,3.6011746139510397
PLOT-017555,5.937750463493504
PLOT-017096,1.1633224386769463
PLOT-015209,1.0643824934145103
PLOT-015153,1.8366094754055808
PLOT-017881,2.494112271450695
PLOT-016590,2.9619455229076417
PLOT-017442,3.4192888113096394
PLOT-016147,3.314892313059152
PLOT-016967,2.492897268775655
PLOT-017316,1.195146234289776
PLOT-017433,1.8431869046860223
PLOT-016633,1.976110430679818
PLOT-017089,3.4345228940150565
PLOT-015597,3.5558224442464716
PLOT-016931,4.769598954631521
PLOT-016656,3.2574355279732408
PLOT-015680,2.130946587851568
PLOT-016565,2.499475279074999
PLOT-018275,2.6969462779841518
PLOT-016328,3.136057427079173
PLOT-017087,2.438414469455369
PLOT-017753,2.6665353318731806
PLOT-016518,3.1409760633952635
PLOT-017287,2.0892952184636324
PLOT-018713,4.022965175784556
PLOT-015221,3.641224239021931
PLOT-015225,1.766194829101083
PLOT-018577,3.847249537481176
PLOT-018166,5.313355653830526
PLOT-017517,3.7643036868895488
PLOT-017642,1.967620585224958
PLOT-017393,3.3408118766507706
PLOT-016760,3.0653878520300637
PLOT-016360,2.1442058326138254
PLOT-017324,2.3176094052370577
PLOT-018155,5.229624000616191
PLOT-017802,3.1732277439818475
PLOT-016492,5.208577971339083
PLOT-017744,1.4083328739254872
PLOT-017763,0.9321080713681941
PLOT-017009,3.7740316238934555
PLOT-015205,3.1693415585816096
PLOT-016027,1.932855210964705
PLOT-018540,3.3827905860945906
PLOT-017596,1.451676257698728
PLOT-016046,3.3130187257468795
PLOT-015693,3.6955496893010142
PLOT-017956,3.8616618989057385
PLOT-018549,1.3949765234953573
PLOT-016186,3.6759266614747883
PLOT-016369,2.885135889807485
PLOT-016907,3.227449572749909
PLOT-017726,0.9810615719732997
PLOT-015016,1.6026694626208966
PLOT-017514,1.4703853491155277
PLOT-017205,2.284702184009301
PLOT-018729,2.121189354494155
PLOT-016676,1.080321817522893
PLOT-016184,5.09286319163156
PLOT-017353,2.3694157357829915
PLOT-015656,2.8475262686200296
PLOT-016571,2.5937762585934205
PLOT-016737,3.9762951187474025
PLOT-016419,2.0235714869041406
PLOT-015399,2.669089071587941
PLOT-015618,3.0852180579474404
PLOT-015508,0.6987385938852713
PLOT-018106,4.3932693420762945
PLOT-018437,2.987441087151296
PLOT-017960,3.6341005138873523
PLOT-015867,5.4339904055204515
PLOT-017507,2.4740151409742466
PLOT-015886,2.674085229150638
PLOT-017110,2.894146312175559
PLOT-015599,5.067507767390551
PLOT-017658,3.763291301137597
PLOT-015457,1.8125364398825703
PLOT-017618,1.3732657422318222
PLOT-016117,2.664316829931878
PLOT-015870,3.9402460909364674
PLOT-015790,2.659943389263352
PLOT-017260,2.670906014367571
PLOT-015954,1.1752108111822728
PLOT-015650,4.663085040924235
PLOT-015733,2.3956628076297246
PLOT-018533,3.456220596855033
PLOT-015379,1.5978954306930446
PLOT-017612,1.5218831896588843
PLOT-018030,2.8824550632263493
PLOT-015956,2.8449922796443614
PLOT-015171,2.1838471369346126
PLOT-016944,2.8738819578440356
PLOT-017279,2.856439207395472
PLOT-015659,3.067124488807046
PLOT-017430,3.5024210038624553
PLOT-017528,0.8407095966790049
PLOT-017120,1.9991382172864332
PLOT-016094,1.611766553700257
PLOT-018068,3.315012837559973
PLOT-018707,2.0906621233797
PLOT-017219,2.62739522172359
PLOT-015642,2.0546344594201114
PLOT-015168,2.2664384243870597
PLOT-016517,3.2603492914884127
PLOT-016800,3.7617218277189126
PLOT-017682,2.8107419005999557
PLOT-016917,2.5479799677550083
PLOT-015272,5.047491873392759
PLOT-016215,3.491263200408124
PLOT-017468,2.7507034508880372
PLOT-016118,2.5725677692373505
PLOT-018098,5.462218848690887
PLOT-018350,2.0187652952394344
PLOT-016066,3.1453389732582453
PLOT-017104,2.864499992937641
PLOT-017792,4.151281101031793
PLOT-017877,1.8058852056192907
PLOT-016912,2.5353037333381825
PLOT-015038,3.8550962583764665
PLOT-015306,3.875424865754651
PLOT-015006,1.633163270486972
PLOT-017456,3.793630725614587
PLOT-015781,3.0545008410748213
PLOT-016190,1.6388311232950212
PLOT-015534,2.366112705571049
PLOT-015583,3.616937908405223
PLOT-017980,2.275281792805562
PLOT-018671,2.7310057087092057
PLOT-018168,4.708558042480771
PLOT-018440,5.173422991799841
PLOT-017750,3.471890313608041
PLOT-015316,4.346921907913196
PLOT-017197,3.6833433395954054
PLOT-017414,1.3103784356483184
PLOT-017564,4.083265791791062
PLOT-016794,1.9589519702500213
PLOT-017581,2.96088205661844
PLOT-017708,3.822679074720421
PLOT-015271,2.6037552022488337
PLOT-015548,2.5412962407306057
PLOT-016692,4.708496723448428
PLOT-016719,2.875251833023807
PLOT-018451,2.029142851407532
PLOT-018464,2.003135571743923
PLOT-017390,5.454143470559284
PLOT-015598,1.91201429590451
PLOT-016689,2.7815543861216927
PLOT-015894,3.339672714194804
PLOT-018733,2.0495277089590282
PLOT-016775,6.088493565672511
PLOT-015570,1.5007516331038935
PLOT-016999,1.0954321770705053
PLOT-017122,0.90090743033215
PLOT-015061,2.3253053043914327
PLOT-016247,2.2235405455131763
PLOT-018748,5.882219513291857
PLOT-016259,2.4045316824850373
PLOT-015809,1.7815278469293674
PLOT-017292,3.687935110567573
PLOT-016049,0.8451187725707078
PLOT-018454,2.9037538213621006
PLOT-015107,3.063675456802597
PLOT-017153,3.585566019539101
PLOT-015673,2.0475669029144874
PLOT-017690,1.2022532863802624
PLOT-017995,3.8890608808579397
PLOT-015665,4.178461907308675
PLOT-015509,3.249724202235227
PLOT-017179,2.954887410122519
PLOT-016640,0.9373422162518318
PLOT-017492,2.106074703254358
PLOT-018303,2.9214789540062784
PLOT-016532,3.053408804411104
PLOT-015866,2.9878683400285357
PLOT-016855,6.167065726628353
PLOT-016736,1.1313526850388917
PLOT-016060,3.7634584495111816
PLOT-018536,4.356393092682117
PLOT-017105,3.153026602397712
PLOT-018419,0.8990395715216234
PLOT-016973,1.0722576722429056
PLOT-015589,1.8983173835272478
PLOT-017996,5.4825406027039945
PLOT-018263,2.8536744911732836
PLOT-015086,5.051092548079709
PLOT-018615,0.7110706866454157
PLOT-015771,3.0919572317886317
PLOT-017954,3.9311036331760785
PLOT-016249,3.078872977572299
PLOT-015708,5.295805127377849
PLOT-017472,3.7420560249645978
PLOT-017985,2.2429568739071475
PLOT-018316,1.2590170485374903
PLOT-017586,1.738474289104866
PLOT-016860,1.7298936588437306
PLOT-018181,3.0426701473996505
PLOT-017128,2.318527794304305
PLOT-018305,2.0149280487498498
PLOT-018177,2.301718039291424
PLOT-015418,2.42902500677553
PLOT-016461,2.137165800814921
PLOT-016484,2.171109077923156
PLOT-018609,5.9528163576179365
PLOT-018465,2.731597476532211
PLOT-018600,2.9559387889990205
PLOT-015851,3.9760339105969345
PLOT-016004,4.116714527584797
PLOT-016996,2.773485733657293
PLOT-016834,3.1563865616923064
PLOT-017947,2.647649189243261
PLOT-015436,1.96475874345788
PLOT-016316,4.536611139286655
PLOT-016623,3.3361378290812786
PLOT-016480,3.6747885165998837
PLOT-016648,2.2964594217806185
PLOT-016003,3.0818609901098357
PLOT-016278,2.0102774994881014
PLOT-016823,2.747142871611339
PLOT-018029,3.417063285001263
PLOT-018602,0.9026359814143552
PLOT-016836,1.6301759859289608
PLOT-018554,4.346965759036174
PLOT-017352,2.3676385138641507
PLOT-017282,1.7884061437681766
PLOT-016546,2.0336165513204643
PLOT-015335,3.4431223185023825
PLOT-017617,4.142998678589118
PLOT-015088,2.1455661830533375
PLOT-015874,2.140418670349238
PLOT-018285,6.543442436703414
PLOT-015543,2.5558747816282397
PLOT-016241,2.231427727065305
PLOT-017760,4.288519974814075
PLOT-016880,4.261588095951196
PLOT-018611,5.033683397621084
PLOT-018111,2.9548646187839
PLOT-017269,2.565846973783574
PLOT-015319,2.851070839033289
PLOT-015519,0.8984334652460186
PLOT-017903,1.469038472808577
PLOT-015878,1.88388142483924
PLOT-018561,2.5886919378905993
PLOT-015825,2.6667344859348363
PLOT-016290,1.034837444426569
PLOT-018210,2.7327665371523087
PLOT-018333,1.0156691297153837
PLOT-015138,3.1447836452190416
PLOT-015163,5.05742431298732
PLOT-016618,2.165583888073876
PLOT-018539,6.3601872678933535
PLOT-016791,1.9981906543409995
PLOT-016045,1.5415954575223139
PLOT-015960,2.2165717036871984
PLOT-016750,3.3594740573927284
PLOT-018212,1.8101012410626678
PLOT-017830,2.4445475659015083
PLOT-016504,4.1269137645332075
PLOT-017889,2.0846803702451675
PLOT-018692,2.2146801674305543
PLOT-016059,1.806714405228598
PLOT-017681,4.340384492315475
PLOT-018409,0.9406903373437563
PLOT-015655,1.921866060862715
PLOT-017064,0.6883462296473607
PLOT-018603,4.346896213723102
PLOT-015137,0.9025283520472162
PLOT-017946,1.3215062279203658
PLOT-016976,1.0287510155841435
PLOT-016581,1.972587428238227
PLOT-015697,3.81952505495811
PLOT-016097,3.183134495882718
PLOT-017836,2.4544305931209762
PLOT-018268,1.0024670491288683
PLOT-017453,3.6777013782548655
PLOT-017496,2.1598003963747687
PLOT-016392,2.7253437355887558
PLOT-018655,3.618479454007664
PLOT-016266,1.3628770496216949
PLOT-017375,2.295140694421052
PLOT-017365,1.8854383613031802
PLOT-015135,1.3957033642826597
PLOT-016169,1.6064998106736887
PLOT-017574,2.562107874934413
PLOT-017135,3.299179710711064
PLOT-016503,1.8365518170191346
PLOT-016362,2.2303821953887106
PLOT-017998,2.1976488022651344
PLOT-015148,4.627515995909686
PLOT-015303,2.868365198149149
PLOT-016017,0.7882393477653131
PLOT-016924,1.2372733393138418
PLOT-016052,4.178981081906005
PLOT-018423,2.1864785197943575
PLOT-017413,4.116180026656558
PLOT-017637,3.128828501497966
PLOT-018262,1.9214069179349105
PLOT-016904,3.129757501301045
PLOT-018254,2.7455891275123534
PLOT-015198,3.064497174535843
PLOT-016768,3.0150923362844644
PLOT-017240,2.6436596024646195
PLOT-015404,2.787518993552363
PLOT-018328,2.4304134279685705
PLOT-018743,2.793425933206923
PLOT-015483,2.615648103871815
PLOT-016182,1.8975458577525788
PLOT-016339,3.0569460417096006
PLOT-016280,3.3578755152679745
PLOT-016031,3.192911666370363
PLOT-015791,4.268939270944524
PLOT-015799,5.021294546680375
PLOT-017432,2.256934668219296
PLOT-017798,3.2569047414028387
PLOT-016201,4.475402721113514
PLOT-015422,4.519580136877035
PLOT-017362,1.342209347747053
PLOT-018716,5.608778535905643
PLOT-016883,3.6895184009027466
PLOT-018684,0.33421709838410957
PLOT-016479,4.207510120466909
PLOT-017591,2.092322804565701
PLOT-016928,0.9694525337054876
PLOT-017710,2.245384873082802
PLOT-018147,2.939083314463011
PLOT-016529,4.445641687044317
PLOT-015902,2.2148391069042335
PLOT-017809,3.242999398594824
PLOT-015685,5.081340655960428
PLOT-016551,4.2958088611283936
PLOT-018438,0.8111407732909462
PLOT-015159,1.18058455284628
PLOT-015999,1.6847127128600417
PLOT-018056,2.6424147125758024
PLOT-018535,2.79812018236579
PLOT-017250,5.245562287710843
PLOT-017689,1.4824021326033705
PLOT-015112,0.6532065676308051
PLOT-018567,3.126343165988089
PLOT-016446,2.1547279154321854
PLOT-016952,3.3323009745474232
PLOT-015922,3.4986156488436344
PLOT-016624,6.63910279666374
PLOT-018228,0.6895195290168705
PLOT-017853,2.9171363562576254
PLOT-016319,1.6988157237791086
PLOT-016663,2.987786690138099
PLOT-015815,3.1980389123152753
PLOT-018095,1.3761704373338841
PLOT-017266,2.278760816545088
PLOT-016473,2.8107577014099703
PLOT-016773,2.225861251017655
PLOT-015679,2.1359165491832544
PLOT-018199,1.3997746624876621
PLOT-016093,3.600961699718896
PLOT-015080,0.7463990879606893
PLOT-016950,1.1541398196545434
PLOT-018519,1.545704610224013
PLOT-018075,1.0402149791756887
PLOT-018280,4.0455591971509515
PLOT-017800,1.4191340621547481
PLOT-016239,4.428281107455669
PLOT-015329,2.612691690651577
PLOT-015242,2.8430734224763157
PLOT-018073,3.898062598031315
PLOT-015641,0.7803872636421587
PLOT-015696,4.3565527602391265
PLOT-017257,0.7678945320131115
PLOT-017818,2.5616814186813692
PLOT-015753,2.4774116319084745
PLOT-015435,1.8597173643506986
PLOT-016563,2.3503901700828553
PLOT-016934,1.4372781211723311
PLOT-018457,3.0081913454028895
PLOT-016712,3.041656732572574
PLOT-015551,1.5581290669140737
PLOT-018127,2.7949875037988416
PLOT-018255,5.035240388045329
PLOT-015601,2.282224217177284
PLOT-016964,1.0720003855427482
PLOT-016013,1.5791587682239498
PLOT-018204,3.9627567646202126
PLOT-016427,1.6731150691840582
PLOT-017012,2.3809321261402414
PLOT-016386,4.571940028570951
PLOT-016295,4.370427045652333
PLOT-015466,3.8839012942130413
PLOT-016499,4.535488835335209
PLOT-018218,1.0427142672792147
PLOT-018670,4.37621324732782
PLOT-015277,2.2242621400991935
PLOT-016069,1.9174825034521061
PLOT-016548,1.138135837300771
PLOT-016024,1.5529543126415526
PLOT-016465,3.365699950502443
PLOT-017770,1.540362811247406
PLOT-015940,1.9732103771834795
PLOT-017834,4.6658321280419655
PLOT-018297,1.0117868945291733
PLOT-016466,2.4836813852798345
PLOT-016323,2.622374333169925
PLOT-017675,2.1513242382474016
PLOT-016399,5.677626495827446
PLOT-018099,3.8271003423751653
PLOT-016449,1.6932968773866286
PLOT-015906,3.518991490355687
PLOT-018352,1.5639181047346633
PLOT-017611,3.034982607829285
PLOT-016895,3.614879688178303
PLOT-015388,3.8007889586828103
PLOT-017070,3.5836564243322755
PLOT-017943,3.2427178145711375
PLOT-017172,2.99251380738022
PLOT-017968,3.884411707075167
PLOT-017821,3.5876630350985743
PLOT-015880,2.205564809205353
PLOT-018425,1.3721271172555887
PLOT-015050,3.784016756576875
PLOT-016887,1.1763262100191625
PLOT-016702,1.7322778834467145
PLOT-018359,3.8255398256787183
PLOT-015133,1.7368755106758627
PLOT-016105,3.040351657894588
PLOT-015703,2.807707239736014
PLOT-015482,5.195521830913742
PLOT-016145,3.3481141005754482
PLOT-017038,5.145646693060259
PLOT-018673,1.4157532092823155
PLOT-015066,2.2269743312568884
PLOT-018479,1.4251414512445475
PLOT-017781,3.3811038255561434
PLOT-017313,2.0485584635974403
PLOT-017849,1.5497884401217157
PLOT-018351,5.270160334814604
PLOT-015907,3.2685442479534803
PLOT-015031,3.815444521860942
PLOT-017465,2.131776873482616
PLOT-017929,3.6866213456262105
PLOT-017680,6.684458081314131
PLOT-018551,3.0710337015192093
PLOT-015010,1.496047778974377
PLOT-015064,1.0055876071661527
PLOT-015776,4.12123979754108
PLOT-015077,3.564536449072489
PLOT-015491,2.5253857935862714
PLOT-018145,0.9349194473622867
PLOT-018273,3.9762223935929457
PLOT-017580,5.690286168128369
PLOT-017113,3.3120127049907646
PLOT-018453,0.7131913370332363
PLOT-017344,3.930222900899888
PLOT-015591,1.2804829573403629
PLOT-017815,1.2805512296476145
PLOT-016285,0.9414385377022179
PLOT-018269,3.8608789790520146
PLOT-015724,3.681595877573803
PLOT-017674,3.586366320263973
PLOT-018142,4.623051255647166
PLOT-018708,0.9756698923322185
PLOT-016212,2.1064566977898163
PLOT-018643,3.538532070093665
PLOT-017299,3.2223063954004676
PLOT-018223,1.8991216513808966
PLOT-016637,2.5761648556570913
PLOT-018581,3.8541199677521267
PLOT-018574,4.958811536248151
PLOT-018665,4.468212405782508
PLOT-015982,1.9117347970252283
PLOT-015706,1.7354655434152635
PLOT-017535,3.336371260552655
PLOT-016687,0.5545822682576611
PLOT-018388,4.727964584309015
PLOT-015273,1.4407755497289834
PLOT-016709,3.4036653221502062
PLOT-018249,3.3045790619882114
PLOT-018429,5.663808540714325
PLOT-015963,2.2047694026942013
PLOT-017925,1.5775143080259961
PLOT-018136,2.419877728894592
PLOT-018573,0.6477645408827968
PLOT-018706,1.2314892173293557
PLOT-017459,2.4714182446240227
PLOT-018327,2.618621605571255
PLOT-018192,3.7491724541225167
PLOT-016452,3.1937332898193165
PLOT-017715,0.472758869058934
PLOT-015149,2.4608589999423103
PLOT-017692,1.9882157498063264
PLOT-017767,2.6215446778148954
PLOT-016757,3.882213132302581
PLOT-015218,3.216418984961776
PLOT-015239,2.2301861913308167
PLOT-016131,3.1435094373696795
PLOT-018390,3.3750651154295106
PLOT-017840,3.553113091859976
PLOT-017239,4.137422155516438
PLOT-017381,1.923720197077278
PLOT-016253,2.6991220746972964
PLOT-016053,3.0320305266184517
PLOT-018010,2.658359851178906
PLOT-016668,2.975863875386722
PLOT-018178,2.5284995326058746
PLOT-018712,2.3007755012303743
PLOT-016357,3.4880050047379867
PLOT-015775,3.483940832180603
PLOT-017630,2.0804209912770237
PLOT-017832,2.8799032722326534
PLOT-018274,2.241300929664518
PLOT-015839,3.71881468421282
PLOT-015627,1.7602860305959696
PLOT-015323,1.4586868268243447
PLOT-018402,2.135889519660015
PLOT-018675,1.1440293051081238
PLOT-016867,3.5759642907883578
PLOT-016160,2.4089564941349058
PLOT-017826,1.7422685849739397
PLOT-016076,1.6857060811532723
PLOT-017987,0.8920019786296153
PLOT-015437,3.3802060616542993
PLOT-015119,4.07276617561113
PLOT-018306,2.775926106104837
PLOT-018089,2.2390887455613977
PLOT-018314,3.1540978078251563
PLOT-016814,3.691703026837327
PLOT-016839,3.746110279075818
PLOT-016026,2.8502678860789974
PLOT-015076,2.2142967527547626
PLOT-015900,1.4880788533229279
PLOT-015371,3.3801556658369174
PLOT-016204,3.6686083180655746
PLOT-018186,2.8622037155319187
PLOT-018736,5.314611342945847
PLOT-015941,3.4392729327279303
PLOT-017625,3.520327022045903
PLOT-017867,1.6473975528353233
PLOT-015552,1.5175985009119928
PLOT-015406,3.8011075382138584
PLOT-017117,2.3264033739295864
PLOT-016613,2.119078946758723
PLOT-017934,1.0116268609766554
PLOT-015968,1.9498158122742062
PLOT-017833,3.8068656913143495
PLOT-018293,1.3947839776428521
PLOT-018367,3.764745552039523
PLOT-017349,1.9303891153125994
PLOT-016746,3.582232304580927
PLOT-015689,2.1938835189606882
PLOT-017860,2.655569838924609
PLOT-016738,2.341497377823572
PLOT-015236,4.1563960243502525
PLOT-018592,7.455328593624917
PLOT-016986,2.5678183143739504
PLOT-016983,2.835194274149624
PLOT-017842,3.2068180013269862
PLOT-015499,1.4957068348924178
PLOT-015822,0.9222267853314594
PLOT-015794,3.061514660945363
PLOT-018278,2.997098508835274
PLOT-015990,1.8747149111984596
PLOT-015567,3.0265984151131238
PLOT-017982,2.790771102081413
PLOT-017435,2.6763734985189362
PLOT-015390,3.045832575544717
PLOT-015743,4.341816178397426
PLOT-017400,2.1689344691651935
PLOT-016217,4.517723213065259
PLOT-015235,3.1115026539190453
PLOT-018467,5.5383462480944985
PLOT-015480,3.409685362745637
PLOT-017042,1.1480077548429324
PLOT-017615,2.3892556119451047
PLOT-016677,1.196261978023817
PLOT-018442,1.2562539556451762
PLOT-018626,2.558741506946095
PLOT-018241,0.6656466182574331
PLOT-018318,2.853812973115719
PLOT-015120,1.4540296488320763
PLOT-018487,3.86008473740201
PLOT-018072,2.3354104033783893
PLOT-016272,3.296160329504442
PLOT-015926,6.099934802240767
PLOT-017563,4.001163554601602
PLOT-016594,2.2618649629903085
PLOT-015223,3.202794861153395
PLOT-015766,6.4115469382223855
PLOT-015613,0.9970628056141749
PLOT-017891,3.753696909567427
PLOT-016245,3.9819074376303303
PLOT-016540,0.8083179417609653
PLOT-015052,0.7024661055232736
PLOT-015529,3.8236443259582322
PLOT-017533,3.0438899234808257
PLOT-016899,2.2234254156186197
PLOT-018677,2.6689146215585433
PLOT-015818,2.1738442587577964
PLOT-015155,3.352491973706231
PLOT-017648,1.4433565451224564
PLOT-018612,2.7085296866311137
PLOT-015248,3.9549295720279956
PLOT-015761,1.4016592219929405
PLOT-016894,3.989190377106764
PLOT-017029,3.513324611417772
PLOT-018589,3.429416637658906
PLOT-016130,1.7676333216938809
PLOT-015542,2.901266781841955
PLOT-015793,3.4705425713327096
PLOT-016725,2.1031600500223995
PLOT-018200,3.0027411288380597
PLOT-015628,1.8086498711473307
PLOT-017198,5.712543302493195
PLOT-018401,5.327193004278417
PLOT-017339,3.0931957198386333
PLOT-017429,2.792971983668844
PLOT-018579,1.7710772591673598
PLOT-017734,5.020880202997923
PLOT-016367,4.683626744726597
PLOT-016620,3.2469834181072965
PLOT-017945,3.1630711415418715
PLOT-018500,2.8293892815158554
PLOT-017902,5.050575697331673
PLOT-016071,4.995049778505884
PLOT-015554,3.1913365285462603
PLOT-016828,3.6365458518845006
PLOT-015826,3.9983896695785144
PLOT-016984,2.951876935974468
PLOT-018450,1.6292198726457479
PLOT-016837,4.162898105643392
PLOT-017939,7.070963010041154
PLOT-015535,4.281425057431577
PLOT-018361,1.3512422945885394
PLOT-017663,5.422868168788861
PLOT-015154,3.422910880732943
PLOT-018238,3.468463710636002
PLOT-018149,2.3895882557600197
PLOT-017952,4.1427676427052775
PLOT-018538,3.6629551579741513
PLOT-015322,4.880706427724878
PLOT-016710,2.5679823136325353
PLOT-015014,4.041485960325913
PLOT-016798,1.7080031314247506
PLOT-018542,3.0673490566618966
PLOT-015082,3.6416915890616783
PLOT-017560,2.0165795335297467
PLOT-016943,2.126168905363406
PLOT-016988,1.593845004185225
PLOT-017672,4.759771065369172
PLOT-016383,3.888246222161344
PLOT-016574,4.127158737839824
PLOT-017977,3.219097792249652
PLOT-018392,2.283100374466811
PLOT-017058,2.5854403957401417
PLOT-018617,2.39060258540178
PLOT-016494,2.2652493537680374
PLOT-015831,4.033902136575943
PLOT-017080,1.7602873793521963
PLOT-016174,5.331407484260011
PLOT-015413,3.4160186053877153
PLOT-017628,6.194658814876006
PLOT-016817,3.5989435057480836
PLOT-015165,2.466779264685091
PLOT-018236,0.8758434698800334
PLOT-018667,4.574657678812139
PLOT-015614,4.146896877043646
PLOT-018093,2.6685420277304694
PLOT-016014,3.059907576302057
PLOT-017137,2.6842592355271524
PLOT-018462,2.7613531496110366
PLOT-018452,0.8850137003553135
PLOT-017649,2.203245225714469
PLOT-016237,1.1245872477384409
PLOT-017181,1.9438996197226663
PLOT-015555,2.8379525624626605
PLOT-018079,1.2752730536727324
PLOT-018320,4.301103761630494
PLOT-017368,2.770322167821066
PLOT-018530,0.8468182682173361
PLOT-016211,2.8272882805197668
PLOT-018499,0.7422372339728914
PLOT-015634,4.518641400445698
PLOT-017600,2.7315219868608582
PLOT-016055,3.4696793613769312
PLOT-017340,3.9205522668950477
PLOT-016708,2.49853261699241
PLOT-015796,2.162251212112001
PLOT-017990,5.600140190404801
PLOT-018471,1.7730837321374795
PLOT-015174,0.9998477262975256
PLOT-017814,2.289107579839069
PLOT-015245,3.380358873651953
PLOT-016080,3.0338931994590017
PLOT-016654,4.0641365059410335
PLOT-018711,3.2384679351073298
PLOT-015144,3.934420389093468
PLOT-015145,4.941996877445751
PLOT-015090,1.0901971370971675
PLOT-015682,1.056525472568299
PLOT-015310,1.8444847549037884
PLOT-015093,1.2857476031219823
PLOT-018322,1.8724508711839865
PLOT-016956,2.638443223586839
PLOT-015924,6.04430489601772
PLOT-018448,4.119603512350878
PLOT-016909,1.7414353073019297
PLOT-016035,7.897825461114442
PLOT-016400,1.7158210653499728
PLOT-017291,3.7418719629662363
PLOT-016500,2.664747596284002
PLOT-018159,2.559781653191926
PLOT-017262,3.303481788501219
PLOT-016468,1.0700374390961045
PLOT-015998,2.011105116067601
PLOT-015853,3.2325890243379973
PLOT-017473,0.9256031145432011
PLOT-017204,6.25822758260273
PLOT-016142,2.0863339035130775
PLOT-016143,2.6551450298273935
PLOT-017274,0.459832198835455
PLOT-017944,3.5533315443564577
PLOT-017048,3.4355457463845585
PLOT-015401,2.488620539320372
PLOT-016103,3.336378920645572
PLOT-015084,5.030433372965961
PLOT-017210,2.082408297957161
PLOT-018620,1.1394152950336642
PLOT-015114,2.369652537410461
PLOT-017718,2.454489130063113
PLOT-018222,1.9632983239689874
PLOT-018276,5.4732800131891475
PLOT-016585,3.4960751789248046
PLOT-016567,2.0936727281478604
PLOT-017937,2.772482157599666
PLOT-016501,2.0243079589459434
PLOT-016660,4.150047414538686
PLOT-016556,2.9468352054540246
PLOT-017007,1.1818629911047263
PLOT-015625,3.4211743027332306
PLOT-016885,1.15626381443789
PLOT-018722,4.608299326287101
PLOT-016866,3.5651122786782006
PLOT-015952,4.113061959351755
PLOT-017855,3.842553022166054
PLOT-017306,1.0811579845722956
PLOT-015624,1.7214303369119657
PLOT-017874,2.426837816872305
PLOT-015234,4.182222374118571
PLOT-017183,2.303273300808127
PLOT-017664,4.6302331218886135
PLOT-018267,2.3980935407229187
PLOT-017884,3.352603485897451
PLOT-017890,1.884885331769039
PLOT-017034,1.2299256980351596
PLOT-018007,3.075611122899578
PLOT-016826,4.359597129339496
PLOT-018571,1.9630767773907283
PLOT-017640,2.9818632393435696
PLOT-016314,0.9460766262249596
PLOT-016525,4.059794080299235
PLOT-016562,2.6521022726269945
PLOT-016752,2.1127301132051945
PLOT-016605,5.4923681140939955
PLOT-015343,2.3583427126252077
PLOT-018726,1.4209606153134653
PLOT-017341,2.00792173077347
PLOT-017412,4.522466055894188
PLOT-017226,1.820886084461302
PLOT-017707,4.911974584468985
PLOT-015996,3.06655449188982
PLOT-017062,2.5337102240776948
PLOT-016110,1.1101505104077927
PLOT-017213,2.0253265776112044
PLOT-018203,0.7879227318555749
PLOT-016359,2.337276235995617
PLOT-017107,1.8721084695587658
PLOT-015709,4.191825110137351
PLOT-016878,1.335558543520943
PLOT-017724,4.579311503018936
PLOT-016378,3.2676947177578786
PLOT-017828,2.4801322111859823
PLOT-015424,3.052121329237804
PLOT-015292,4.253111635264772
PLOT-016065,5.354552606994767
PLOT-017921,6.06909158173847
PLOT-017377,2.4692359890076605
PLOT-016638,2.969119008868815
PLOT-017477,2.683117765073021
PLOT-016012,2.0260878655735337
PLOT-017127,2.826263283789282
PLOT-016717,2.8527324462979413
PLOT-018100,4.604545083670656
PLOT-015937,2.143152133098378
PLOT-015834,1.3060293049601177
PLOT-017797,1.5797818283333536
PLOT-017938,2.6948467784523262
PLOT-015254,2.731327773819747
PLOT-018495,3.1289782112963884
PLOT-016482,3.000086388632467
PLOT-018721,2.280775934989033
PLOT-016407,1.891953032623923
PLOT-018156,3.1590495262301492
PLOT-018649,2.0333580059709657
PLOT-017184,2.5640140006208134
PLOT-018183,2.9792165325407094
PLOT-018266,1.7474416658867635
PLOT-017900,1.952327565180693
PLOT-018250,3.784974605878059
PLOT-015723,5.357966513322224
PLOT-017907,2.3895263275008496
PLOT-015969,4.607635361534217
PLOT-015496,1.875847066570432
PLOT-015950,1.4984238443297366
PLOT-015805,1.9918365872562906
PLOT-016829,2.5039621216424606
PLOT-017177,0.6490686784292402
PLOT-016739,2.2764316918265792
PLOT-015337,1.3700907444634665
PLOT-015730,2.2714513355802586
PLOT-015608,0.5625396032155258
PLOT-016148,3.4256821006666076
PLOT-017243,0.7104952888581121
PLOT-018298,0.9068675698268384
PLOT-016713,3.9726191888413833
PLOT-018340,0.8787767561925536
PLOT-018738,2.5913464343643833
PLOT-015909,2.5436701819447127
PLOT-017632,3.127023723122423
PLOT-017151,2.2302993478649453
PLOT-017010,2.2758996804417886
PLOT-017491,3.2347895880755946
PLOT-018631,2.7728241876928243
PLOT-016810,3.668943364220939
PLOT-016994,1.0424423687496573
PLOT-015719,2.5518828582666484
PLOT-017932,2.055820489889522
PLOT-017824,1.0077172298286095
PLOT-016569,2.092296175219054
PLOT-017897,2.3376368732041
PLOT-017942,1.0358852394556723
PLOT-017275,2.607669419405253
PLOT-015434,1.8826122865922073
PLOT-016299,2.1263367025110496
PLOT-017174,3.3413557640810256
PLOT-015405,2.1747400577526026
PLOT-017823,3.1042234563004847
PLOT-015821,3.484811170039186
PLOT-017759,1.7287478928739024
PLOT-016789,1.5667474950410416
PLOT-018674,4.297202207296501
PLOT-018108,2.5940623806537593
PLOT-018211,4.6417298257072614
PLOT-017351,2.011255436092926
PLOT-017315,1.6961976641059535
PLOT-016858,5.3463671352011
PLOT-016557,1.9710002481436917
PLOT-015545,2.9094967429267857
PLOT-015212,2.5114550397723683
PLOT-015896,4.052706548334008
PLOT-018270,2.021577323383596
PLOT-016941,2.514003477380243
PLOT-016891,3.6850809323651736
PLOT-015916,3.3468282414284007
PLOT-017723,2.531668689528566
PLOT-016289,1.0583614962475933
PLOT-015814,5.371153356979137
PLOT-016265,1.3535932719229795
PLOT-015342,1.5933476277151215
PLOT-017597,2.760231246197066
PLOT-016410,3.049523724571017
PLOT-016214,3.0896300276004642
PLOT-015966,4.795990806853812
PLOT-016230,3.4843300417658893
PLOT-017343,2.3443599113544114
PLOT-015695,3.1375894385535426
PLOT-017121,2.5381828900705528
PLOT-015605,3.4573279243583057
PLOT-015104,2.9081054195363554
PLOT-015645,2.0787066118355706
PLOT-016404,2.70030044826049
PLOT-015494,2.2137411229114945
PLOT-018088,2.2528300856887555
PLOT-017487,3.025559213556113
PLOT-016019,3.4171124720682267
PLOT-015091,5.038149569848803
PLOT-016112,2.547077463687684
PLOT-018741,3.9349213610776834
PLOT-015908,2.3931511479871266
PLOT-016474,3.243980628506097
PLOT-016741,3.2296451642998485
PLOT-017150,1.9199367217034773
PLOT-015238,3.0604977230405654
PLOT-018466,2.7980538705605853
PLOT-015942,2.3145734073694415
PLOT-016270,2.3611409012452143
PLOT-015938,2.0299002175444354
PLOT-016424,5.136345292818685
PLOT-018229,0.7655871171393811
PLOT-016862,1.9812505312936544
PLOT-016669,2.408478559780461
PLOT-015005,1.5462570712575503
PLOT-015247,3.3111749452537373
PLOT-018013,4.089370928209633
PLOT-015018,2.0251283239559714
PLOT-017169,2.0273981498766056
PLOT-016970,3.6899026602311564
PLOT-017709,1.9940513920304397
PLOT-017232,3.316359295661475
PLOT-017322,1.2228313511044815
PLOT-017481,4.602336988617887
PLOT-015811,2.1380396640945967
PLOT-016300,1.5142368375715605
PLOT-016335,1.631907332384727
PLOT-018632,3.6265944204672698
PLOT-015260,3.1660963191875506
PLOT-016804,3.4855896430847024
PLOT-016570,3.841158471434098
PLOT-017229,4.072628255064655
PLOT-015184,0.9355350099230851
PLOT-017454,3.4282267788468612
PLOT-016743,2.581781469538291
PLOT-017913,2.721756802706707
PLOT-016630,3.330616193153452
PLOT-016716,1.0965599512452353
PLOT-015520,1.234581671596135
PLOT-018051,2.96225658384558
PLOT-017428,3.091891276841419
PLOT-017016,5.118179642170391
PLOT-016658,3.548486323972593
PLOT-018441,3.840899374372128
PLOT-016612,2.0778192267142317
PLOT-017475,1.831078977597865
PLOT-017126,4.337954549929659
PLOT-018057,0.9299423808714242
PLOT-018734,2.9732882892581847
PLOT-015607,7.527461179559874
PLOT-015230,3.7735216560440477
PLOT-018140,1.1875986941092591
PLOT-015331,1.9424407826204855
PLOT-018105,1.3361460916328232
PLOT-016440,2.2585068603461336
PLOT-016927,2.1735830352496968
PLOT-016091,1.5084109971322204
PLOT-016101,4.1911248157452095
PLOT-016129,3.385113397146938
PLOT-018283,2.109383101735489
PLOT-015461,1.7753949452336366
PLOT-015958,1.5430971280885462
PLOT-016662,1.7195023402050178
PLOT-015559,2.5976358099483106
PLOT-017894,4.368901463090371
PLOT-017738,0.6730820160242873
PLOT-018526,2.2294875664391762
PLOT-016519,1.2829867929252567
PLOT-017140,3.182049455827656
PLOT-018630,2.2122657940020125
PLOT-017032,4.935049783413818
PLOT-017484,2.8391644767312045
PLOT-017538,0.9359796788462059
PLOT-017097,1.2002120983399285
PLOT-018435,3.416749876288093
PLOT-018565,1.8057844958035734
PLOT-015069,3.672556729125739
PLOT-016572,2.1610467533008193
PLOT-015808,1.462969145668455
PLOT-018232,2.0089673464542943
PLOT-015011,0.6134548220636605
PLOT-017025,3.715701705308453
PLOT-017192,2.270153377664988
PLOT-015917,2.8104408024823906
PLOT-016451,3.1973483936793823
PLOT-017687,3.4795880304009623
PLOT-015176,2.457588262029339
PLOT-015994,2.4885256859775398
PLOT-017488,3.031442816921366
PLOT-017569,4.3637802045884735
PLOT-018740,3.9229733440429846
PLOT-018052,3.8654979860353476
PLOT-016255,2.8550280828158856
PLOT-018282,4.094655491797123
PLOT-016664,2.35764159351875
PLOT-017191,3.7917714307359414
PLOT-017801,1.1082231163518066
PLOT-017567,2.231837117035274
PLOT-018370,1.4122000137444994
PLOT-017870,1.807050600026908
PLOT-016790,2.843445392391068
PLOT-017476,5.727263674493865
PLOT-017660,1.385470543317019
PLOT-018080,2.3470775271773205
PLOT-015156,4.286898095435116
PLOT-017587,3.4247310918746217
PLOT-016460,2.411318335042327
PLOT-017046,1.945623400635633
PLOT-018338,1.510561453318758
PLOT-016850,1.6260339551041492
PLOT-017509,0.2158035397741079
PLOT-017624,4.114448468604758
PLOT-018410,3.45480978616489
PLOT-017303,3.0508881318947947
PLOT-018027,1.8156174764228845
PLOT-017005,5.07558745173713
PLOT-016185,2.0181611213269104
PLOT-016006,1.0372851668309844
PLOT-015560,5.350778881218938
PLOT-017256,2.447858806320634
PLOT-015910,5.055819320591881
PLOT-016311,5.609264682958077
PLOT-017049,3.4948911627054446
PLOT-018413,2.520009192838154
PLOT-015269,2.328525006406603
PLOT-016993,4.100288392516583
PLOT-015265,2.428537268545684
PLOT-015914,2.887826600835823
PLOT-017278,3.4166368609895983
PLOT-017231,1.566529144896634
PLOT-018167,3.155046399235967
PLOT-018732,3.141949284346652
PLOT-017912,2.6347128099555563
PLOT-018114,3.6825029655626187
PLOT-015873,3.448390115673246
PLOT-017093,1.7675413898777117
PLOT-017446,2.2718129001872724
PLOT-015475,2.462085213214657
PLOT-016652,3.1319132644806476
PLOT-016960,5.152094510193558
PLOT-015045,3.201091481322229
PLOT-015161,4.745443521767232
PLOT-018039,3.2000370108537193
PLOT-017775,2.0872459815585485
PLOT-017677,2.0053071259931503
PLOT-015288,2.011633046514161
PLOT-018107,2.8386759142500027
PLOT-018718,0.6686110410959625
PLOT-016948,2.2264724441475447
PLOT-015575,4.055935790967826
PLOT-015850,2.4712933706584783
PLOT-018387,4.0913805953814455
PLOT-015911,1.8636652879706548
PLOT-016254,6.221539008803001
PLOT-016833,1.7335504338250494
PLOT-016722,2.2670624379900253
PLOT-017133,1.5052639736401439
PLOT-016735,3.892557498179965
PLOT-015932,3.15937961548067
PLOT-016100,4.02450321875615
PLOT-016207,1.9978644440014266
PLOT-017295,1.0913217950251128
PLOT-016843,0.611310419046302
PLOT-016848,2.605547500633832
PLOT-017524,3.609210918037294
PLOT-016694,3.2413237640101973
PLOT-015085,3.0710823360980815
PLOT-015469,4.9433424187555906
PLOT-017273,0.6474264333214744
PLOT-017822,4.181984398276722
PLOT-017379,2.818666562439478
PLOT-015233,3.0783025444715753
PLOT-017636,1.234391605982751
PLOT-017523,2.4589670189184347
PLOT-018332,3.715786212784072
PLOT-018699,2.0005190651500273
PLOT-017647,3.583463665958691
PLOT-017469,2.89753489072186
PLOT-016711,2.5650243675691393
PLOT-015182,0.597156428249603
PLOT-015988,3.3998884437611157
PLOT-016000,2.45898817539801
PLOT-016641,1.6805194206702168
PLOT-016356,3.082480698903392
PLOT-016462,1.837079001666572
PLOT-015049,2.2879490931463504
PLOT-018637,0.9594776905743415
PLOT-018077,1.248389662705355
PLOT-017577,3.6784729361014143
PLOT-016258,1.4109427673636905
PLOT-015486,3.975154729068168
PLOT-018715,1.1247077218396062
PLOT-017545,3.0109363592786442
PLOT-016908,3.348111196176956
PLOT-015106,2.2652816871223305
PLOT-015443,5.186461292087089
PLOT-016954,4.070855321157703
PLOT-018560,2.8346262221421217
PLOT-015646,2.7885037095642957
PLOT-018084,3.773857841785475
PLOT-016762,0.8497691590648719
PLOT-015726,2.6984335498170022
PLOT-017238,1.4840517137709799
PLOT-016856,2.8393851770774075
PLOT-017330,4.834480288355689
PLOT-015029,1.0986081938688181
PLOT-015169,3.598146737254743
PLOT-016001,2.1773984621057445
PLOT-018252,2.49722854793475
PLOT-017148,2.282383302907601
PLOT-015197,1.8669057570933227
PLOT-015495,3.0061821521100884
PLOT-017026,2.534877234422949
PLOT-015647,1.8179702698218894
PLOT-018035,1.195659352007843
PLOT-015044,5.5488476550384656
PLOT-017758,3.0721025622713856
PLOT-015373,2.586743912346173
PLOT-015678,3.2670859051104943
PLOT-015566,5.138232481887669
PLOT-017895,2.1282564741638375
PLOT-015460,3.2778414171554435
PLOT-016932,2.569223652620648
PLOT-018485,1.520288621437393
PLOT-016155,3.1759112683105957
PLOT-015039,2.2400509602201675
PLOT-017482,1.3945569091392507
PLOT-015973,2.9302986979334005
PLOT-018287,1.1633118455145615
PLOT-018055,3.4536420276093
PLOT-018627,1.1478453874337973
PLOT-018638,2.1151447006141075
PLOT-016786,1.3835473324463035
PLOT-016498,2.6566502063690813
PLOT-017504,4.429765344683511
PLOT-016835,3.4086899657508076
PLOT-017308,1.8081384897768076
PLOT-016840,1.7535215623711538
PLOT-017083,3.7288386085241165
PLOT-015827,4.856901900218406
PLOT-016935,2.6169711175309587
PLOT-017044,5.510371463657365
PLOT-015309,1.7635354828215213
PLOT-015276,2.643268411953244
PLOT-015636,4.170401644044249
PLOT-015654,2.9104685993436616
PLOT-015622,3.0734948891651275
PLOT-016859,3.0530656848247086
PLOT-015844,3.6980578047538306
PLOT-015393,3.6852525623837122
PLOT-017155,6.222477641836677
PLOT-015349,2.122515138727014
PLOT-017572,1.1635073114376284
PLOT-015784,1.7490404319791197
PLOT-015047,3.35308729823902
PLOT-016978,3.7051819405257893
PLOT-017251,3.778213865304259
PLOT-018651,3.422858049864649
PLOT-016655,3.2371575187994313
PLOT-017069,3.623368412451485
PLOT-015402,2.8712814872866677
PLOT-016107,2.4308834310625524
PLOT-016154,3.981224410503872
PLOT-016439,3.3527111674750394
PLOT-018749,2.0061186059270613
PLOT-017001,4.084609981942649
PLOT-015989,1.8312394942735641
PLOT-016865,2.5418854804112194
PLOT-017789,3.566291633592702
PLOT-016310,1.6855230900757614
PLOT-018195,1.8452738247035807
PLOT-015033,1.358851133283158
PLOT-015787,3.469145056792025
PLOT-018588,5.152900717998426
PLOT-017971,1.6947428280944223
PLOT-016043,3.216558168558158
PLOT-015481,2.245489121894144
PLOT-016243,3.5284594924815407
PLOT-017627,1.3811890111274638
PLOT-017529,0.4918927491540851
PLOT-015931,1.94916328540978
PLOT-017404,2.429809200440311
PLOT-016685,1.1817009638898894
PLOT-016248,1.6974732478207861
PLOT-015759,2.619573785487898
PLOT-015092,3.421067864368081
PLOT-016175,1.7536200231236496
PLOT-016415,2.5130091314962377
PLOT-016341,2.389713944507259
PLOT-016472,2.4269693431122623
PLOT-017851,1.1324178089718369
PLOT-017793,2.24120046576004
PLOT-018594,2.262643910875835
PLOT-017327,2.6646723102200944
PLOT-016607,4.083774490841401
PLOT-015764,1.4634798078770916
PLOT-017652,4.15826562848372
PLOT-018747,3.5851364452403196
PLOT-016373,2.7446526477851254
PLOT-016951,2.5464264415270663
PLOT-018446,2.507069431920511
PLOT-017448,1.9809715728197035
PLOT-016728,0.6881411087883246
PLOT-015257,2.426154941467381
PLOT-015944,1.359051580416733
PLOT-018144,1.5203622258981841
PLOT-016219,2.712090216758623
PLOT-018555,5.07644444934508
PLOT-016161,1.3101381729285182
PLOT-017542,4.927403992486634
PLOT-015772,1.095941094014777
PLOT-017598,4.7407925812946665
PLOT-016486,2.071917244060212
PLOT-017249,3.2237025632076772
PLOT-015312,0.8739460509663864
PLOT-015290,2.296390650786359
PLOT-018261,1.8439615693548326
PLOT-015763,1.3505407024602065
PLOT-018184,1.3646623642789928
PLOT-017997,4.22648020173653
PLOT-015183,1.692842244734022
PLOT-016176,1.2533404585717725
PLOT-016349,3.7097201882585646
PLOT-018116,1.7756437355662724
PLOT-018516,2.129031184970301
PLOT-018078,5.903782071022348
PLOT-017298,3.818764626078575
PLOT-017871,1.507807687856363
PLOT-016099,2.470642691405365
PLOT-018584,3.736506086592771
PLOT-017988,0.972415146681288
PLOT-015391,0.6714235559978768
PLOT-016919,3.392770682484326
PLOT-016456,1.3070835294563585
PLOT-016092,2.5820321264559847
PLOT-017022,1.9083586852809369
PLOT-018239,4.36352261705005
PLOT-015904,2.3232534657591417
PLOT-017778,2.6982992689576544
PLOT-017602,3.531570251342857
PLOT-015366,4.467910064343058
PLOT-015345,3.3704042528175173
PLOT-018656,2.1375103465541088
PLOT-017583,2.413139186979324
PLOT-018470,2.631429858678758
PLOT-018257,2.337427311280784
PLOT-016372,2.47987044987773
PLOT-016639,4.936347434217607
PLOT-015919,3.1077995534018457
PLOT-015211,2.5012349157957665
PLOT-016603,2.636510109548246
PLOT-017550,4.06372974407271
PLOT-015537,3.3710712868523727
PLOT-016220,3.1410375960634065
PLOT-015175,0.9051020681585099
